// This file was generated by SquareLine Studio
// SquareLine Studio version: SquareLine Studio 1.4.1
// LVGL version: 8.3.11
// Project name: Smartwatch

#include <lvgl.h>
#ifndef LV_ATTRIBUTE_MEM_ALIGN
    #define LV_ATTRIBUTE_MEM_ALIGN
#endif

// IMAGE DATA: assets/clockwise_sec.png
const LV_ATTRIBUTE_MEM_ALIGN uint8_t ui_img_clockwise_sec_png_data[] = {
    0x5A, 0xAE, 0x6B, 0x00, 0x5A, 0xAE, 0x6B, 0x00, 0x5A, 0xAE, 0x6B, 0x00, 0x5A, 0xAE, 0x6B, 0x00,
    0x5A, 0xAE, 0x6B, 0x00, 0x5A, 0xAE, 0x6B, 0x00, 0x5A, 0xAE, 0x6B, 0x00, 0x5A, 0xAE, 0x6B, 0x00,
    0x5A, 0xAE, 0x6B, 0x00, 0x5A, 0xAE, 0x6B, 0x00, 0x5A, 0xAE, 0x6B, 0x00, 0x5A, 0xAE, 0x6B, 0x00,
    0x5A, 0xAE, 0x6B, 0x00, 0x5A, 0xAE, 0x6B, 0x00, 0x5A, 0xAE, 0x6B, 0xFF, 0x5A, 0xAE, 0x6B, 0xFF,
    0x5A, 0xAE, 0x6B, 0xFF, 0x5A, 0xAE, 0x6B, 0x00, 0x5A, 0xAE, 0x6B, 0x00, 0x5A, 0xAE, 0x6B, 0x00,
    0x5A, 0xAE, 0x6B, 0x00, 0x5A, 0xAE, 0x6B, 0x00, 0x5A, 0xAE, 0x6B, 0x00, 0x5A, 0xAE, 0x6B, 0x00,
    0x5A, 0xAE, 0x6B, 0x00, 0x5A, 0xAE, 0x6B, 0x00, 0x5A, 0xAE, 0x6B, 0x00, 0x5A, 0xAE, 0x6B, 0x00,
    0x5A, 0xAE, 0x6B, 0x00, 0x5A, 0xAE, 0x6B, 0x00, 0x5A, 0xAE, 0x6B, 0x00, 0x5A, 0xAE, 0x6B, 0x00,
    0x5A, 0xAE, 0x6B, 0x00, 0x5A, 0xAE, 0x6B, 0x00, 0x5A, 0xAE, 0x6B, 0x00, 0x5A, 0xAE, 0x6B, 0x00,
    0x5A, 0xAE, 0x6B, 0x00, 0x5A, 0xAE, 0x6B, 0x00, 0x5A, 0xAE, 0x6B, 0x00, 0x5A, 0xAE, 0x6B, 0x00,
    0x5A, 0xAE, 0x6B, 0x00, 0x5A, 0xAE, 0x6B, 0x00, 0x5A, 0xAE, 0x6B, 0x00, 0x5A, 0xAE, 0x6B, 0x00,
    0x5A, 0xAE, 0x6B, 0x00, 0x5A, 0xAE, 0x6B, 0xFF, 0x5A, 0xAE, 0x6B, 0xFF, 0x5A, 0xAE, 0x6B, 0xFF,
    0x5A, 0xAE, 0x6B, 0x00, 0x5A, 0xAE, 0x6B, 0x00, 0x5A, 0xAE, 0x6B, 0x00, 0x5A, 0xAE, 0x6B, 0x00,
    0x5A, 0xAE, 0x6B, 0x00, 0x5A, 0xAE, 0x6B, 0x00, 0x5A, 0xAE, 0x6B, 0x00, 0x5A, 0xAE, 0x6B, 0x00,
    0x5A, 0xAE, 0x6B, 0x00, 0x5A, 0xAE, 0x6B, 0x00, 0x5A, 0xAE, 0x6B, 0x00, 0x5A, 0xAE, 0x6B, 0x00,
    0x5A, 0xAE, 0x6B, 0x00, 0x5A, 0xAE, 0x6B, 0x00, 0x5A, 0xAE, 0x6B, 0x00, 0x5A, 0xAE, 0x6B, 0x00,
    0x5A, 0xAE, 0x6B, 0x00, 0x5A, 0xAE, 0x6B, 0x00, 0x5A, 0xAE, 0x6B, 0x00, 0x5A, 0xAE, 0x6B, 0x00,
    0x5A, 0xAE, 0x6B, 0x00, 0x5A, 0xAE, 0x6B, 0x00, 0x5A, 0xAE, 0x6B, 0x00, 0x5A, 0xAE, 0x6B, 0x00,
    0x5A, 0xAE, 0x6B, 0x00, 0x5A, 0xAE, 0x6B, 0x00, 0x5A, 0xAE, 0x6B, 0x00, 0x5A, 0xAE, 0x6B, 0x00,
    0x5A, 0xAE, 0x6B, 0xFF, 0x5A, 0xAE, 0x6B, 0xFF, 0x5A, 0xAE, 0x6B, 0xFF, 0x5A, 0xAE, 0x6B, 0x00,
    0x5A, 0xAE, 0x6B, 0x00, 0x5A, 0xAE, 0x6B, 0x00, 0x5A, 0xAE, 0x6B, 0x00, 0x5A, 0xAE, 0x6B, 0x00,
    0x5A, 0xAE, 0x6B, 0x00, 0x5A, 0xAE, 0x6B, 0x00, 0x5A, 0xAE, 0x6B, 0x00, 0x5A, 0xAE, 0x6B, 0x00,
    0x5A, 0xAE, 0x6B, 0x00, 0x5A, 0xAE, 0x6B, 0x00, 0x5A, 0xAE, 0x6B, 0x00, 0x5A, 0xAE, 0x6B, 0x00,
    0x5A, 0xAE, 0x6B, 0x00, 0x5A, 0xAE, 0x6B, 0x00, 0x5A, 0xAE, 0x6B, 0x00, 0x5A, 0xAE, 0x6B, 0x00,
    0x5A, 0xAE, 0x6B, 0x00, 0x5A, 0xAE, 0x6B, 0x00, 0x5A, 0xAE, 0x6B, 0x00, 0x5A, 0xAE, 0x6B, 0x00,
    0x5A, 0xAE, 0x6B, 0x00, 0x5A, 0xAE, 0x6B, 0x00, 0x5A, 0xAE, 0x6B, 0x00, 0x5A, 0xAE, 0x6B, 0x00,
    0x5A, 0xAE, 0x6B, 0x00, 0x5A, 0xAE, 0x6B, 0x00, 0x5A, 0xAE, 0x6B, 0x00, 0x5A, 0xAE, 0x6B, 0xFF,
    0x5A, 0xAE, 0x6B, 0xFF, 0x5A, 0xAE, 0x6B, 0xFF, 0x5A, 0xAE, 0x6B, 0x00, 0x5A, 0xAE, 0x6B, 0x00,
    0x5A, 0xAE, 0x6B, 0x00, 0x5A, 0xAE, 0x6B, 0x00, 0x5A, 0xAE, 0x6B, 0x00, 0x5A, 0xAE, 0x6B, 0x00,
    0x5A, 0xAE, 0x6B, 0x00, 0x5A, 0xAE, 0x6B, 0x00, 0x5A, 0xAE, 0x6B, 0x00, 0x5A, 0xAE, 0x6B, 0x00,
    0x5A, 0xAE, 0x6B, 0x00, 0x5A, 0xAE, 0x6B, 0x00, 0x5A, 0xAE, 0x6B, 0x00, 0x5A, 0xAE, 0x6B, 0x00,
    0x5A, 0xAE, 0x6B, 0x00, 0x5A, 0xAE, 0x6B, 0x00, 0x5A, 0xAE, 0x6B, 0x00, 0x5A, 0xAE, 0x6B, 0x00,
    0x5A, 0xAE, 0x6B, 0x00, 0x5A, 0xAE, 0x6B, 0x00, 0x5A, 0xAE, 0x6B, 0x00, 0x5A, 0xAE, 0x6B, 0x00,
    0x5A, 0xAE, 0x6B, 0x00, 0x5A, 0xAE, 0x6B, 0x00, 0x5A, 0xAE, 0x6B, 0x00, 0x5A, 0xAE, 0x6B, 0x00,
    0x5A, 0xAE, 0x6B, 0x00, 0x5A, 0xAE, 0x6B, 0x00, 0x5A, 0xAE, 0x6B, 0xFF, 0x5A, 0xAE, 0x6B, 0xFF,
    0x5A, 0xAE, 0x6B, 0xFF, 0x5A, 0xAE, 0x6B, 0x00, 0x5A, 0xAE, 0x6B, 0x00, 0x5A, 0xAE, 0x6B, 0x00,
    0x5A, 0xAE, 0x6B, 0x00, 0x5A, 0xAE, 0x6B, 0x00, 0x5A, 0xAE, 0x6B, 0x00, 0x5A, 0xAE, 0x6B, 0x00,
    0x5A, 0xAE, 0x6B, 0x00, 0x5A, 0xAE, 0x6B, 0x00, 0x5A, 0xAE, 0x6B, 0x00, 0x5A, 0xAE, 0x6B, 0x00,
    0x5A, 0xAE, 0x6B, 0x00, 0x5A, 0xAE, 0x6B, 0x00, 0x5A, 0xAE, 0x6B, 0x00, 0x5A, 0xAE, 0x6B, 0x00,
    0x5A, 0xAE, 0x6B, 0x00, 0x5A, 0xAE, 0x6B, 0x00, 0x5A, 0xAE, 0x6B, 0x00, 0x5A, 0xAE, 0x6B, 0x00,
    0x5A, 0xAE, 0x6B, 0x00, 0x5A, 0xAE, 0x6B, 0x00, 0x5A, 0xAE, 0x6B, 0x00, 0x5A, 0xAE, 0x6B, 0x00,
    0x5A, 0xAE, 0x6B, 0x00, 0x5A, 0xAE, 0x6B, 0x00, 0x5A, 0xAE, 0x6B, 0x00, 0x5A, 0xAE, 0x6B, 0x00,
    0x5A, 0xAE, 0x6B, 0x00, 0x5A, 0xAE, 0x6B, 0xFF, 0x5A, 0xAE, 0x6B, 0xFF, 0x5A, 0xAE, 0x6B, 0xFF,
    0x5A, 0xAE, 0x6B, 0x00, 0x5A, 0xAE, 0x6B, 0x00, 0x5A, 0xAE, 0x6B, 0x00, 0x5A, 0xAE, 0x6B, 0x00,
    0x5A, 0xAE, 0x6B, 0x00, 0x5A, 0xAE, 0x6B, 0x00, 0x5A, 0xAE, 0x6B, 0x00, 0x5A, 0xAE, 0x6B, 0x00,
    0x5A, 0xAE, 0x6B, 0x00, 0x5A, 0xAE, 0x6B, 0x00, 0x5A, 0xAE, 0x6B, 0x00, 0x5A, 0xAE, 0x6B, 0x00,
    0x5A, 0xAE, 0x6B, 0x00, 0x5A, 0xAE, 0x6B, 0x00, 0x5A, 0xAE, 0x6B, 0x00, 0x5A, 0xAE, 0x6B, 0x00,
    0x5A, 0xAE, 0x6B, 0x00, 0x5A, 0xAE, 0x6B, 0x00, 0x5A, 0xAE, 0x6B, 0x00, 0x5A, 0xAE, 0x6B, 0x00,
    0x5A, 0xAE, 0x6B, 0x00, 0x5A, 0xAE, 0x6B, 0x00, 0x5A, 0xAE, 0x6B, 0x00, 0x5A, 0xAE, 0x6B, 0x00,
    0x5A, 0xAE, 0x6B, 0x00, 0x5A, 0xAE, 0x6B, 0x00, 0x5A, 0xAE, 0x6B, 0x00, 0x5A, 0xAE, 0x6B, 0x00,
    0x5A, 0xAE, 0x6B, 0xFF, 0x5A, 0xAE, 0x6B, 0xFF, 0x5A, 0xAE, 0x6B, 0xFF, 0x5A, 0xAE, 0x6B, 0x00,
    0x5A, 0xAE, 0x6B, 0x00, 0x5A, 0xAE, 0x6B, 0x00, 0x5A, 0xAE, 0x6B, 0x00, 0x5A, 0xAE, 0x6B, 0x00,
    0x5A, 0xAE, 0x6B, 0x00, 0x5A, 0xAE, 0x6B, 0x00, 0x5A, 0xAE, 0x6B, 0x00, 0x5A, 0xAE, 0x6B, 0x00,
    0x5A, 0xAE, 0x6B, 0x00, 0x5A, 0xAE, 0x6B, 0x00, 0x5A, 0xAE, 0x6B, 0x00, 0x5A, 0xAE, 0x6B, 0x00,
    0x5A, 0xAE, 0x6B, 0x00, 0x5A, 0xAE, 0x6B, 0x00, 0x5A, 0xAE, 0x6B, 0x00, 0x5A, 0xAE, 0x6B, 0x00,
    0x5A, 0xAE, 0x6B, 0x00, 0x5A, 0xAE, 0x6B, 0x00, 0x5A, 0xAE, 0x6B, 0x00, 0x5A, 0xAE, 0x6B, 0x00,
    0x5A, 0xAE, 0x6B, 0x00, 0x5A, 0xAE, 0x6B, 0x00, 0x5A, 0xAE, 0x6B, 0x00, 0x5A, 0xAE, 0x6B, 0x00,
    0x5A, 0xAE, 0x6B, 0x00, 0x5A, 0xAE, 0x6B, 0x00, 0x5A, 0xAE, 0x6B, 0x00, 0x5A, 0xAE, 0x6B, 0xFF,
    0x5A, 0xAE, 0x6B, 0xFF, 0x5A, 0xAE, 0x6B, 0xFF, 0x5A, 0xAE, 0x6B, 0x00, 0x5A, 0xAE, 0x6B, 0x00,
    0x5A, 0xAE, 0x6B, 0x00, 0x5A, 0xAE, 0x6B, 0x00, 0x5A, 0xAE, 0x6B, 0x00, 0x5A, 0xAE, 0x6B, 0x00,
    0x5A, 0xAE, 0x6B, 0x00, 0x5A, 0xAE, 0x6B, 0x00, 0x5A, 0xAE, 0x6B, 0x00, 0x5A, 0xAE, 0x6B, 0x00,
    0x5A, 0xAE, 0x6B, 0x00, 0x5A, 0xAE, 0x6B, 0x00, 0x5A, 0xAE, 0x6B, 0x00, 0x5A, 0xAE, 0x6B, 0x00,
    0x5A, 0xAE, 0x6B, 0x00, 0x5A, 0xAE, 0x6B, 0x00, 0x5A, 0xAE, 0x6B, 0x00, 0x5A, 0xAE, 0x6B, 0x00,
    0x5A, 0xAE, 0x6B, 0x00, 0x5A, 0xAE, 0x6B, 0x00, 0x5A, 0xAE, 0x6B, 0x00, 0x5A, 0xAE, 0x6B, 0x00,
    0x5A, 0xAE, 0x6B, 0x00, 0x5A, 0xAE, 0x6B, 0x00, 0x5A, 0xAE, 0x6B, 0x00, 0x5A, 0xAE, 0x6B, 0x00,
    0x5A, 0xAE, 0x6B, 0x00, 0x5A, 0xAE, 0x6B, 0x00, 0x5A, 0xAE, 0x6B, 0xFF, 0x5A, 0xAE, 0x6B, 0xFF,
    0x5A, 0xAE, 0x6B, 0xFF, 0x5A, 0xAE, 0x6B, 0x00, 0x5A, 0xAE, 0x6B, 0x00, 0x5A, 0xAE, 0x6B, 0x00,
    0x5A, 0xAE, 0x6B, 0x00, 0x5A, 0xAE, 0x6B, 0x00, 0x5A, 0xAE, 0x6B, 0x00, 0x5A, 0xAE, 0x6B, 0x00,
    0x5A, 0xAE, 0x6B, 0x00, 0x5A, 0xAE, 0x6B, 0x00, 0x5A, 0xAE, 0x6B, 0x00, 0x5A, 0xAE, 0x6B, 0x00,
    0x5A, 0xAE, 0x6B, 0x00, 0x5A, 0xAE, 0x6B, 0x00, 0x5A, 0xAE, 0x6B, 0x00, 0x5A, 0xAE, 0x6B, 0x00,
    0x5A, 0xAE, 0x6B, 0x00, 0x5A, 0xAE, 0x6B, 0x00, 0x5A, 0xAE, 0x6B, 0x00, 0x5A, 0xAE, 0x6B, 0x00,
    0x5A, 0xAE, 0x6B, 0x00, 0x5A, 0xAE, 0x6B, 0x00, 0x5A, 0xAE, 0x6B, 0x00, 0x5A, 0xAE, 0x6B, 0x00,
    0x5A, 0xAE, 0x6B, 0x00, 0x5A, 0xAE, 0x6B, 0x00, 0x5A, 0xAE, 0x6B, 0x00, 0x5A, 0xAE, 0x6B, 0x00,
    0x5A, 0xAE, 0x6B, 0x00, 0x5A, 0xAE, 0x6B, 0xFF, 0x5A, 0xAE, 0x6B, 0xFF, 0x5A, 0xAE, 0x6B, 0xFF,
    0x5A, 0xAE, 0x6B, 0x00, 0x5A, 0xAE, 0x6B, 0x00, 0x5A, 0xAE, 0x6B, 0x00, 0x5A, 0xAE, 0x6B, 0x00,
    0x5A, 0xAE, 0x6B, 0x00, 0x5A, 0xAE, 0x6B, 0x00, 0x5A, 0xAE, 0x6B, 0x00, 0x5A, 0xAE, 0x6B, 0x00,
    0x5A, 0xAE, 0x6B, 0x00, 0x5A, 0xAE, 0x6B, 0x00, 0x5A, 0xAE, 0x6B, 0x00, 0x5A, 0xAE, 0x6B, 0x00,
    0x5A, 0xAE, 0x6B, 0x00, 0x5A, 0xAE, 0x6B, 0x00, 0x5A, 0xAE, 0x6B, 0x00, 0x5A, 0xAE, 0x6B, 0x00,
    0x5A, 0xAE, 0x6B, 0x00, 0x5A, 0xAE, 0x6B, 0x00, 0x5A, 0xAE, 0x6B, 0x00, 0x5A, 0xAE, 0x6B, 0x00,
    0x5A, 0xAE, 0x6B, 0x00, 0x5A, 0xAE, 0x6B, 0x00, 0x5A, 0xAE, 0x6B, 0x00, 0x5A, 0xAE, 0x6B, 0x00,
    0x5A, 0xAE, 0x6B, 0x00, 0x5A, 0xAE, 0x6B, 0x00, 0x5A, 0xAE, 0x6B, 0x00, 0x5A, 0xAE, 0x6B, 0x00,
    0x5A, 0xAE, 0x6B, 0xFF, 0x5A, 0xAE, 0x6B, 0xFF, 0x5A, 0xAE, 0x6B, 0xFF, 0x5A, 0xAE, 0x6B, 0x00,
    0x5A, 0xAE, 0x6B, 0x00, 0x5A, 0xAE, 0x6B, 0x00, 0x5A, 0xAE, 0x6B, 0x00, 0x5A, 0xAE, 0x6B, 0x00,
    0x5A, 0xAE, 0x6B, 0x00, 0x5A, 0xAE, 0x6B, 0x00, 0x5A, 0xAE, 0x6B, 0x00, 0x5A, 0xAE, 0x6B, 0x00,
    0x5A, 0xAE, 0x6B, 0x00, 0x5A, 0xAE, 0x6B, 0x00, 0x5A, 0xAE, 0x6B, 0x00, 0x5A, 0xAE, 0x6B, 0x00,
    0x5A, 0xAE, 0x6B, 0x00, 0x5A, 0xAE, 0x6B, 0x00, 0x5A, 0xAE, 0x6B, 0x00, 0x5A, 0xAE, 0x6B, 0x00,
    0x5A, 0xAE, 0x6B, 0x00, 0x5A, 0xAE, 0x6B, 0x00, 0x5A, 0xAE, 0x6B, 0x00, 0x5A, 0xAE, 0x6B, 0x00,
    0x5A, 0xAE, 0x6B, 0x00, 0x5A, 0xAE, 0x6B, 0x00, 0x5A, 0xAE, 0x6B, 0x00, 0x5A, 0xAE, 0x6B, 0x00,
    0x5A, 0xAE, 0x6B, 0x00, 0x5A, 0xAE, 0x6B, 0x00, 0x5A, 0xAE, 0x6B, 0x00, 0x5A, 0xAE, 0x6B, 0xFF,
    0x5A, 0xAE, 0x6B, 0xFF, 0x5A, 0xAE, 0x6B, 0xFF, 0x5A, 0xAE, 0x6B, 0x00, 0x5A, 0xAE, 0x6B, 0x00,
    0x5A, 0xAE, 0x6B, 0x00, 0x5A, 0xAE, 0x6B, 0x00, 0x5A, 0xAE, 0x6B, 0x00, 0x5A, 0xAE, 0x6B, 0x00,
    0x5A, 0xAE, 0x6B, 0x00, 0x5A, 0xAE, 0x6B, 0x00, 0x5A, 0xAE, 0x6B, 0x00, 0x5A, 0xAE, 0x6B, 0x00,
    0x5A, 0xAE, 0x6B, 0x00, 0x5A, 0xAE, 0x6B, 0x00, 0x5A, 0xAE, 0x6B, 0x00, 0x5A, 0xAE, 0x6B, 0x00,
    0x5A, 0xAE, 0x6B, 0x00, 0x5A, 0xAE, 0x6B, 0x00, 0x5A, 0xAE, 0x6B, 0x00, 0x5A, 0xAE, 0x6B, 0x00,
    0x5A, 0xAE, 0x6B, 0x00, 0x5A, 0xAE, 0x6B, 0x00, 0x5A, 0xAE, 0x6B, 0x00, 0x5A, 0xAE, 0x6B, 0x00,
    0x5A, 0xAE, 0x6B, 0x00, 0x5A, 0xAE, 0x6B, 0x00, 0x5A, 0xAE, 0x6B, 0x00, 0x5A, 0xAE, 0x6B, 0x00,
    0x5A, 0xAE, 0x6B, 0x00, 0x5A, 0xAE, 0x6B, 0x00, 0x5A, 0xAE, 0x6B, 0xFF, 0x5A, 0xAE, 0x6B, 0xFF,
    0x5A, 0xAE, 0x6B, 0xFF, 0x5A, 0xAE, 0x6B, 0x00, 0x5A, 0xAE, 0x6B, 0x00, 0x5A, 0xAE, 0x6B, 0x00,
    0x5A, 0xAE, 0x6B, 0x00, 0x5A, 0xAE, 0x6B, 0x00, 0x5A, 0xAE, 0x6B, 0x00, 0x5A, 0xAE, 0x6B, 0x00,
    0x5A, 0xAE, 0x6B, 0x00, 0x5A, 0xAE, 0x6B, 0x00, 0x5A, 0xAE, 0x6B, 0x00, 0x5A, 0xAE, 0x6B, 0x00,
    0x5A, 0xAE, 0x6B, 0x00, 0x5A, 0xAE, 0x6B, 0x00, 0x5A, 0xAE, 0x6B, 0x00, 0x5A, 0xAE, 0x6B, 0x00,
    0x5A, 0xAE, 0x6B, 0x00, 0x5A, 0xAE, 0x6B, 0x00, 0x5A, 0xAE, 0x6B, 0x00, 0x5A, 0xAE, 0x6B, 0x00,
    0x5A, 0xAE, 0x6B, 0x00, 0x5A, 0xAE, 0x6B, 0x00, 0x5A, 0xAE, 0x6B, 0x00, 0x5A, 0xAE, 0x6B, 0x00,
    0x5A, 0xAE, 0x6B, 0x00, 0x5A, 0xAE, 0x6B, 0x00, 0x5A, 0xAE, 0x6B, 0x00, 0x5A, 0xAE, 0x6B, 0x00,
    0x5A, 0xAE, 0x6B, 0x00, 0x5A, 0xAE, 0x6B, 0xFF, 0x5A, 0xAE, 0x6B, 0xFF, 0x5A, 0xAE, 0x6B, 0xFF,
    0x5A, 0xAE, 0x6B, 0x00, 0x5A, 0xAE, 0x6B, 0x00, 0x5A, 0xAE, 0x6B, 0x00, 0x5A, 0xAE, 0x6B, 0x00,
    0x5A, 0xAE, 0x6B, 0x00, 0x5A, 0xAE, 0x6B, 0x00, 0x5A, 0xAE, 0x6B, 0x00, 0x5A, 0xAE, 0x6B, 0x00,
    0x5A, 0xAE, 0x6B, 0x00, 0x5A, 0xAE, 0x6B, 0x00, 0x5A, 0xAE, 0x6B, 0x00, 0x5A, 0xAE, 0x6B, 0x00,
    0x5A, 0xAE, 0x6B, 0x00, 0x5A, 0xAE, 0x6B, 0x00, 0x5A, 0xAE, 0x6B, 0x00, 0x5A, 0xAE, 0x6B, 0x00,
    0x5A, 0xAE, 0x6B, 0x00, 0x5A, 0xAE, 0x6B, 0x00, 0x5A, 0xAE, 0x6B, 0x00, 0x5A, 0xAE, 0x6B, 0x00,
    0x5A, 0xAE, 0x6B, 0x00, 0x5A, 0xAE, 0x6B, 0x00, 0x5A, 0xAE, 0x6B, 0x00, 0x5A, 0xAE, 0x6B, 0x00,
    0x5A, 0xAE, 0x6B, 0x00, 0x5A, 0xAE, 0x6B, 0x00, 0x5A, 0xAE, 0x6B, 0x00, 0x5A, 0xAE, 0x6B, 0x00,
    0x5A, 0xAE, 0x6B, 0xFF, 0x5A, 0xAE, 0x6B, 0xFF, 0x5A, 0xAE, 0x6B, 0xFF, 0x5A, 0xAE, 0x6B, 0x00,
    0x5A, 0xAE, 0x6B, 0x00, 0x5A, 0xAE, 0x6B, 0x00, 0x5A, 0xAE, 0x6B, 0x00, 0x5A, 0xAE, 0x6B, 0x00,
    0x5A, 0xAE, 0x6B, 0x00, 0x5A, 0xAE, 0x6B, 0x00, 0x5A, 0xAE, 0x6B, 0x00, 0x5A, 0xAE, 0x6B, 0x00,
    0x5A, 0xAE, 0x6B, 0x00, 0x5A, 0xAE, 0x6B, 0x00, 0x5A, 0xAE, 0x6B, 0x00, 0x5A, 0xAE, 0x6B, 0x00,
    0x5A, 0xAE, 0x6B, 0x00, 0x5A, 0xAE, 0x6B, 0x00, 0x5A, 0xAE, 0x6B, 0x00, 0x5A, 0xAE, 0x6B, 0x00,
    0x5A, 0xAE, 0x6B, 0x00, 0x5A, 0xAE, 0x6B, 0x00, 0x5A, 0xAE, 0x6B, 0x00, 0x5A, 0xAE, 0x6B, 0x00,
    0x5A, 0xAE, 0x6B, 0x00, 0x5A, 0xAE, 0x6B, 0x00, 0x5A, 0xAE, 0x6B, 0x00, 0x5A, 0xAE, 0x6B, 0x00,
    0x5A, 0xAE, 0x6B, 0x00, 0x5A, 0xAE, 0x6B, 0x00, 0x5A, 0xAE, 0x6B, 0x00, 0x5A, 0xAE, 0x6B, 0xFF,
    0x5A, 0xAE, 0x6B, 0xFF, 0x5A, 0xAE, 0x6B, 0xFF, 0x5A, 0xAE, 0x6B, 0x00, 0x5A, 0xAE, 0x6B, 0x00,
    0x5A, 0xAE, 0x6B, 0x00, 0x5A, 0xAE, 0x6B, 0x00, 0x5A, 0xAE, 0x6B, 0x00, 0x5A, 0xAE, 0x6B, 0x00,
    0x5A, 0xAE, 0x6B, 0x00, 0x5A, 0xAE, 0x6B, 0x00, 0x5A, 0xAE, 0x6B, 0x00, 0x5A, 0xAE, 0x6B, 0x00,
    0x5A, 0xAE, 0x6B, 0x00, 0x5A, 0xAE, 0x6B, 0x00, 0x5A, 0xAE, 0x6B, 0x00, 0x5A, 0xAE, 0x6B, 0x00,
    0x5A, 0xAE, 0x6B, 0x00, 0x5A, 0xAE, 0x6B, 0x00, 0x5A, 0xAE, 0x6B, 0x00, 0x5A, 0xAE, 0x6B, 0x00,
    0x5A, 0xAE, 0x6B, 0x00, 0x5A, 0xAE, 0x6B, 0x00, 0x5A, 0xAE, 0x6B, 0x00, 0x5A, 0xAE, 0x6B, 0x00,
    0x5A, 0xAE, 0x6B, 0x00, 0x5A, 0xAE, 0x6B, 0x00, 0x5A, 0xAE, 0x6B, 0x00, 0x5A, 0xAE, 0x6B, 0x00,
    0x5A, 0xAE, 0x6B, 0x00, 0x5A, 0xAE, 0x6B, 0x00, 0x5A, 0xAE, 0x6B, 0xFF, 0x5A, 0xAE, 0x6B, 0xFF,
    0x5A, 0xAE, 0x6B, 0xFF, 0x5A, 0xAE, 0x6B, 0x00, 0x5A, 0xAE, 0x6B, 0x00, 0x5A, 0xAE, 0x6B, 0x00,
    0x5A, 0xAE, 0x6B, 0x00, 0x5A, 0xAE, 0x6B, 0x00, 0x5A, 0xAE, 0x6B, 0x00, 0x5A, 0xAE, 0x6B, 0x00,
    0x5A, 0xAE, 0x6B, 0x00, 0x5A, 0xAE, 0x6B, 0x00, 0x5A, 0xAE, 0x6B, 0x00, 0x5A, 0xAE, 0x6B, 0x00,
    0x5A, 0xAE, 0x6B, 0x00, 0x5A, 0xAE, 0x6B, 0x00, 0x5A, 0xAE, 0x6B, 0x00, 0x5A, 0xAE, 0x6B, 0x00,
    0x5A, 0xAE, 0x6B, 0x00, 0x5A, 0xAE, 0x6B, 0x00, 0x5A, 0xAE, 0x6B, 0x00, 0x5A, 0xAE, 0x6B, 0x00,
    0x5A, 0xAE, 0x6B, 0x00, 0x5A, 0xAE, 0x6B, 0x00, 0x5A, 0xAE, 0x6B, 0x00, 0x5A, 0xAE, 0x6B, 0x00,
    0x5A, 0xAE, 0x6B, 0x00, 0x5A, 0xAE, 0x6B, 0x00, 0x5A, 0xAE, 0x6B, 0x00, 0x5A, 0xAE, 0x6B, 0x00,
    0x5A, 0xAE, 0x6B, 0x00, 0x5A, 0xAE, 0x6B, 0xFF, 0x5A, 0xAE, 0x6B, 0xFF, 0x5A, 0xAE, 0x6B, 0xFF,
    0x5A, 0xAE, 0x6B, 0x00, 0x5A, 0xAE, 0x6B, 0x00, 0x5A, 0xAE, 0x6B, 0x00, 0x5A, 0xAE, 0x6B, 0x00,
    0x5A, 0xAE, 0x6B, 0x00, 0x5A, 0xAE, 0x6B, 0x00, 0x5A, 0xAE, 0x6B, 0x00, 0x5A, 0xAE, 0x6B, 0x00,
    0x5A, 0xAE, 0x6B, 0x00, 0x5A, 0xAE, 0x6B, 0x00, 0x5A, 0xAE, 0x6B, 0x00, 0x5A, 0xAE, 0x6B, 0x00,
    0x5A, 0xAE, 0x6B, 0x00, 0x5A, 0xAE, 0x6B, 0x00, 0x5A, 0xAE, 0x6B, 0x00, 0x5A, 0xAE, 0x6B, 0x00,
    0x5A, 0xAE, 0x6B, 0x00, 0x5A, 0xAE, 0x6B, 0x00, 0x5A, 0xAE, 0x6B, 0x00, 0x5A, 0xAE, 0x6B, 0x00,
    0x5A, 0xAE, 0x6B, 0x00, 0x5A, 0xAE, 0x6B, 0x00, 0x5A, 0xAE, 0x6B, 0x00, 0x5A, 0xAE, 0x6B, 0x00,
    0x5A, 0xAE, 0x6B, 0x00, 0x5A, 0xAE, 0x6B, 0x00, 0x5A, 0xAE, 0x6B, 0x00, 0x5A, 0xAE, 0x6B, 0x00,
    0x5A, 0xAE, 0x6B, 0xFF, 0x5A, 0xAE, 0x6B, 0xFF, 0x5A, 0xAE, 0x6B, 0xFF, 0x5A, 0xAE, 0x6B, 0x00,
    0x5A, 0xAE, 0x6B, 0x00, 0x5A, 0xAE, 0x6B, 0x00, 0x5A, 0xAE, 0x6B, 0x00, 0x5A, 0xAE, 0x6B, 0x00,
    0x5A, 0xAE, 0x6B, 0x00, 0x5A, 0xAE, 0x6B, 0x00, 0x5A, 0xAE, 0x6B, 0x00, 0x5A, 0xAE, 0x6B, 0x00,
    0x5A, 0xAE, 0x6B, 0x00, 0x5A, 0xAE, 0x6B, 0x00, 0x5A, 0xAE, 0x6B, 0x00, 0x5A, 0xAE, 0x6B, 0x00,
    0x5A, 0xAE, 0x6B, 0x00, 0x5A, 0xAE, 0x6B, 0x00, 0x5A, 0xAE, 0x6B, 0x00, 0x5A, 0xAE, 0x6B, 0x00,
    0x5A, 0xAE, 0x6B, 0x00, 0x5A, 0xAE, 0x6B, 0x00, 0x5A, 0xAE, 0x6B, 0x00, 0x5A, 0xAE, 0x6B, 0x00,
    0x5A, 0xAE, 0x6B, 0x00, 0x5A, 0xAE, 0x6B, 0x00, 0x5A, 0xAE, 0x6B, 0x00, 0x5A, 0xAE, 0x6B, 0x00,
    0x5A, 0xAE, 0x6B, 0x00, 0x5A, 0xAE, 0x6B, 0x00, 0x5A, 0xAE, 0x6B, 0x00, 0x5A, 0xAE, 0x6B, 0xFF,
    0x5A, 0xAE, 0x6B, 0xFF, 0x5A, 0xAE, 0x6B, 0xFF, 0x5A, 0xAE, 0x6B, 0x00, 0x5A, 0xAE, 0x6B, 0x00,
    0x5A, 0xAE, 0x6B, 0x00, 0x5A, 0xAE, 0x6B, 0x00, 0x5A, 0xAE, 0x6B, 0x00, 0x5A, 0xAE, 0x6B, 0x00,
    0x5A, 0xAE, 0x6B, 0x00, 0x5A, 0xAE, 0x6B, 0x00, 0x5A, 0xAE, 0x6B, 0x00, 0x5A, 0xAE, 0x6B, 0x00,
    0x5A, 0xAE, 0x6B, 0x00, 0x5A, 0xAE, 0x6B, 0x00, 0x5A, 0xAE, 0x6B, 0x00, 0x5A, 0xAE, 0x6B, 0x00,
    0x5A, 0xAE, 0x6B, 0x00, 0x5A, 0xAE, 0x6B, 0x00, 0x5A, 0xAE, 0x6B, 0x00, 0x5A, 0xAE, 0x6B, 0x00,
    0x5A, 0xAE, 0x6B, 0x00, 0x5A, 0xAE, 0x6B, 0x00, 0x5A, 0xAE, 0x6B, 0x00, 0x5A, 0xAE, 0x6B, 0x00,
    0x5A, 0xAE, 0x6B, 0x00, 0x5A, 0xAE, 0x6B, 0x00, 0x5A, 0xAE, 0x6B, 0x00, 0x5A, 0xAE, 0x6B, 0x00,
    0x5A, 0xAE, 0x6B, 0x00, 0x5A, 0xAE, 0x6B, 0x00, 0x5A, 0xAE, 0x6B, 0xFF, 0x5A, 0xAE, 0x6B, 0xFF,
    0x5A, 0xAE, 0x6B, 0xFF, 0x5A, 0xAE, 0x6B, 0x00, 0x5A, 0xAE, 0x6B, 0x00, 0x5A, 0xAE, 0x6B, 0x00,
    0x5A, 0xAE, 0x6B, 0x00, 0x5A, 0xAE, 0x6B, 0x00, 0x5A, 0xAE, 0x6B, 0x00, 0x5A, 0xAE, 0x6B, 0x00,
    0x5A, 0xAE, 0x6B, 0x00, 0x5A, 0xAE, 0x6B, 0x00, 0x5A, 0xAE, 0x6B, 0x00, 0x5A, 0xAE, 0x6B, 0x00,
    0x5A, 0xAE, 0x6B, 0x00, 0x5A, 0xAE, 0x6B, 0x00, 0x5A, 0xAE, 0x6B, 0x00, 0x5A, 0xAE, 0x6B, 0x00,
    0x5A, 0xAE, 0x6B, 0x00, 0x5A, 0xAE, 0x6B, 0x00, 0x5A, 0xAE, 0x6B, 0x00, 0x5A, 0xAE, 0x6B, 0x00,
    0x5A, 0xAE, 0x6B, 0x00, 0x5A, 0xAE, 0x6B, 0x00, 0x5A, 0xAE, 0x6B, 0x00, 0x5A, 0xAE, 0x6B, 0x00,
    0x5A, 0xAE, 0x6B, 0x00, 0x5A, 0xAE, 0x6B, 0x00, 0x5A, 0xAE, 0x6B, 0x00, 0x5A, 0xAE, 0x6B, 0x00,
    0x5A, 0xAE, 0x6B, 0x00, 0x5A, 0xAE, 0x6B, 0xFF, 0x5A, 0xAE, 0x6B, 0xFF, 0x5A, 0xAE, 0x6B, 0xFF,
    0x5A, 0xAE, 0x6B, 0x00, 0x5A, 0xAE, 0x6B, 0x00, 0x5A, 0xAE, 0x6B, 0x00, 0x5A, 0xAE, 0x6B, 0x00,
    0x5A, 0xAE, 0x6B, 0x00, 0x5A, 0xAE, 0x6B, 0x00, 0x5A, 0xAE, 0x6B, 0x00, 0x5A, 0xAE, 0x6B, 0x00,
    0x5A, 0xAE, 0x6B, 0x00, 0x5A, 0xAE, 0x6B, 0x00, 0x5A, 0xAE, 0x6B, 0x00, 0x5A, 0xAE, 0x6B, 0x00,
    0x5A, 0xAE, 0x6B, 0x00, 0x5A, 0xAE, 0x6B, 0x00, 0x5A, 0xAE, 0x6B, 0x00, 0x5A, 0xAE, 0x6B, 0x00,
    0x5A, 0xAE, 0x6B, 0x00, 0x5A, 0xAE, 0x6B, 0x00, 0x5A, 0xAE, 0x6B, 0x00, 0x5A, 0xAE, 0x6B, 0x00,
    0x5A, 0xAE, 0x6B, 0x00, 0x5A, 0xAE, 0x6B, 0x00, 0x5A, 0xAE, 0x6B, 0x00, 0x5A, 0xAE, 0x6B, 0x00,
    0x5A, 0xAE, 0x6B, 0x00, 0x5A, 0xAE, 0x6B, 0x00, 0x5A, 0xAE, 0x6B, 0x00, 0x5A, 0xAE, 0x6B, 0x00,
    0x5A, 0xAE, 0x6B, 0xFF, 0x5A, 0xAE, 0x6B, 0xFF, 0x5A, 0xAE, 0x6B, 0xFF, 0x5A, 0xAE, 0x6B, 0x00,
    0x5A, 0xAE, 0x6B, 0x00, 0x5A, 0xAE, 0x6B, 0x00, 0x5A, 0xAE, 0x6B, 0x00, 0x5A, 0xAE, 0x6B, 0x00,
    0x5A, 0xAE, 0x6B, 0x00, 0x5A, 0xAE, 0x6B, 0x00, 0x5A, 0xAE, 0x6B, 0x00, 0x5A, 0xAE, 0x6B, 0x00,
    0x5A, 0xAE, 0x6B, 0x00, 0x5A, 0xAE, 0x6B, 0x00, 0x5A, 0xAE, 0x6B, 0x00, 0x5A, 0xAE, 0x6B, 0x00,
    0x5A, 0xAE, 0x6B, 0x00, 0x5A, 0xAE, 0x6B, 0x00, 0x5A, 0xAE, 0x6B, 0x00, 0x5A, 0xAE, 0x6B, 0x00,
    0x5A, 0xAE, 0x6B, 0x00, 0x5A, 0xAE, 0x6B, 0x00, 0x5A, 0xAE, 0x6B, 0x00, 0x5A, 0xAE, 0x6B, 0x00,
    0x5A, 0xAE, 0x6B, 0x00, 0x5A, 0xAE, 0x6B, 0x00, 0x5A, 0xAE, 0x6B, 0x00, 0x5A, 0xAE, 0x6B, 0x00,
    0x5A, 0xAE, 0x6B, 0x00, 0x5A, 0xAE, 0x6B, 0x00, 0x5A, 0xAE, 0x6B, 0x00, 0x5A, 0xAE, 0x6B, 0xFF,
    0x5A, 0xAE, 0x6B, 0xFF, 0x5A, 0xAE, 0x6B, 0xFF, 0x5A, 0xAE, 0x6B, 0x00, 0x5A, 0xAE, 0x6B, 0x00,
    0x5A, 0xAE, 0x6B, 0x00, 0x5A, 0xAE, 0x6B, 0x00, 0x5A, 0xAE, 0x6B, 0x00, 0x5A, 0xAE, 0x6B, 0x00,
    0x5A, 0xAE, 0x6B, 0x00, 0x5A, 0xAE, 0x6B, 0x00, 0x5A, 0xAE, 0x6B, 0x00, 0x5A, 0xAE, 0x6B, 0x00,
    0x5A, 0xAE, 0x6B, 0x00, 0x5A, 0xAE, 0x6B, 0x00, 0x5A, 0xAE, 0x6B, 0x00, 0x5A, 0xAE, 0x6B, 0x00,
    0x5A, 0xAE, 0x6B, 0x00, 0x5A, 0xAE, 0x6B, 0x00, 0x5A, 0xAE, 0x6B, 0x00, 0x5A, 0xAE, 0x6B, 0x00,
    0x5A, 0xAE, 0x6B, 0x00, 0x5A, 0xAE, 0x6B, 0x00, 0x5A, 0xAE, 0x6B, 0x00, 0x5A, 0xAE, 0x6B, 0x00,
    0x5A, 0xAE, 0x6B, 0x00, 0x5A, 0xAE, 0x6B, 0x00, 0x5A, 0xAE, 0x6B, 0x00, 0x5A, 0xAE, 0x6B, 0x00,
    0x5A, 0xAE, 0x6B, 0x00, 0x5A, 0xAE, 0x6B, 0x00, 0x5A, 0xAE, 0x6B, 0xFF, 0x5A, 0xAE, 0x6B, 0xFF,
    0x5A, 0xAE, 0x6B, 0xFF, 0x5A, 0xAE, 0x6B, 0x00, 0x5A, 0xAE, 0x6B, 0x00, 0x5A, 0xAE, 0x6B, 0x00,
    0x5A, 0xAE, 0x6B, 0x00, 0x5A, 0xAE, 0x6B, 0x00, 0x5A, 0xAE, 0x6B, 0x00, 0x5A, 0xAE, 0x6B, 0x00,
    0x5A, 0xAE, 0x6B, 0x00, 0x5A, 0xAE, 0x6B, 0x00, 0x5A, 0xAE, 0x6B, 0x00, 0x5A, 0xAE, 0x6B, 0x00,
    0x5A, 0xAE, 0x6B, 0x00, 0x5A, 0xAE, 0x6B, 0x00, 0x5A, 0xAE, 0x6B, 0x00, 0x5A, 0xAE, 0x6B, 0x00,
    0x5A, 0xAE, 0x6B, 0x00, 0x5A, 0xAE, 0x6B, 0x00, 0x5A, 0xAE, 0x6B, 0x00, 0x5A, 0xAE, 0x6B, 0x00,
    0x5A, 0xAE, 0x6B, 0x00, 0x5A, 0xAE, 0x6B, 0x00, 0x5A, 0xAE, 0x6B, 0x00, 0x5A, 0xAE, 0x6B, 0x00,
    0x5A, 0xAE, 0x6B, 0x00, 0x5A, 0xAE, 0x6B, 0x00, 0x5A, 0xAE, 0x6B, 0x00, 0x5A, 0xAE, 0x6B, 0x00,
    0x5A, 0xAE, 0x6B, 0x00, 0x5A, 0xAE, 0x6B, 0xFF, 0x5A, 0xAE, 0x6B, 0xFF, 0x5A, 0xAE, 0x6B, 0xFF,
    0x5A, 0xAE, 0x6B, 0x00, 0x5A, 0xAE, 0x6B, 0x00, 0x5A, 0xAE, 0x6B, 0x00, 0x5A, 0xAE, 0x6B, 0x00,
    0x5A, 0xAE, 0x6B, 0x00, 0x5A, 0xAE, 0x6B, 0x00, 0x5A, 0xAE, 0x6B, 0x00, 0x5A, 0xAE, 0x6B, 0x00,
    0x5A, 0xAE, 0x6B, 0x00, 0x5A, 0xAE, 0x6B, 0x00, 0x5A, 0xAE, 0x6B, 0x00, 0x5A, 0xAE, 0x6B, 0x00,
    0x5A, 0xAE, 0x6B, 0x00, 0x5A, 0xAE, 0x6B, 0x00, 0x5A, 0xAE, 0x6B, 0x00, 0x5A, 0xAE, 0x6B, 0x00,
    0x5A, 0xAE, 0x6B, 0x00, 0x5A, 0xAE, 0x6B, 0x00, 0x5A, 0xAE, 0x6B, 0x00, 0x5A, 0xAE, 0x6B, 0x00,
    0x5A, 0xAE, 0x6B, 0x00, 0x5A, 0xAE, 0x6B, 0x00, 0x5A, 0xAE, 0x6B, 0x00, 0x5A, 0xAE, 0x6B, 0x00,
    0x5A, 0xAE, 0x6B, 0x00, 0x5A, 0xAE, 0x6B, 0x00, 0x5A, 0xAE, 0x6B, 0x00, 0x5A, 0xAE, 0x6B, 0x00,
    0x5A, 0xAE, 0x6B, 0xFF, 0x5A, 0xAE, 0x6B, 0xFF, 0x5A, 0xAE, 0x6B, 0xFF, 0x5A, 0xAE, 0x6B, 0x00,
    0x5A, 0xAE, 0x6B, 0x00, 0x5A, 0xAE, 0x6B, 0x00, 0x5A, 0xAE, 0x6B, 0x00, 0x5A, 0xAE, 0x6B, 0x00,
    0x5A, 0xAE, 0x6B, 0x00, 0x5A, 0xAE, 0x6B, 0x00, 0x5A, 0xAE, 0x6B, 0x00, 0x5A, 0xAE, 0x6B, 0x00,
    0x5A, 0xAE, 0x6B, 0x00, 0x5A, 0xAE, 0x6B, 0x00, 0x5A, 0xAE, 0x6B, 0x00, 0x5A, 0xAE, 0x6B, 0x00,
    0x5A, 0xAE, 0x6B, 0x00, 0x5A, 0xAE, 0x6B, 0x00, 0x5A, 0xAE, 0x6B, 0x00, 0x5A, 0xAE, 0x6B, 0x00,
    0x5A, 0xAE, 0x6B, 0x00, 0x5A, 0xAE, 0x6B, 0x00, 0x5A, 0xAE, 0x6B, 0x00, 0x5A, 0xAE, 0x6B, 0x00,
    0x5A, 0xAE, 0x6B, 0x00, 0x5A, 0xAE, 0x6B, 0x00, 0x5A, 0xAE, 0x6B, 0x00, 0x5A, 0xAE, 0x6B, 0x00,
    0x5A, 0xAE, 0x6B, 0x00, 0x5A, 0xAE, 0x6B, 0x00, 0x5A, 0xAE, 0x6B, 0x00, 0x5A, 0xAE, 0x6B, 0xFF,
    0x5A, 0xAE, 0x6B, 0xFF, 0x5A, 0xAE, 0x6B, 0xFF, 0x5A, 0xAE, 0x6B, 0x00, 0x5A, 0xAE, 0x6B, 0x00,
    0x5A, 0xAE, 0x6B, 0x00, 0x5A, 0xAE, 0x6B, 0x00, 0x5A, 0xAE, 0x6B, 0x00, 0x5A, 0xAE, 0x6B, 0x00,
    0x5A, 0xAE, 0x6B, 0x00, 0x5A, 0xAE, 0x6B, 0x00, 0x5A, 0xAE, 0x6B, 0x00, 0x5A, 0xAE, 0x6B, 0x00,
    0x5A, 0xAE, 0x6B, 0x00, 0x5A, 0xAE, 0x6B, 0x00, 0x5A, 0xAE, 0x6B, 0x00, 0x5A, 0xAE, 0x6B, 0x00,
    0x5A, 0xAE, 0x6B, 0x00, 0x5A, 0xAE, 0x6B, 0x00, 0x5A, 0xAE, 0x6B, 0x00, 0x5A, 0xAE, 0x6B, 0x00,
    0x5A, 0xAE, 0x6B, 0x00, 0x5A, 0xAE, 0x6B, 0x00, 0x5A, 0xAE, 0x6B, 0x00, 0x5A, 0xAE, 0x6B, 0x00,
    0x5A, 0xAE, 0x6B, 0x00, 0x5A, 0xAE, 0x6B, 0x00, 0x5A, 0xAE, 0x6B, 0x00, 0x5A, 0xAE, 0x6B, 0x00,
    0x5A, 0xAE, 0x6B, 0x00, 0x5A, 0xAE, 0x6B, 0x00, 0x5A, 0xAE, 0x6B, 0xFF, 0x5A, 0xAE, 0x6B, 0xFF,
    0x5A, 0xAE, 0x6B, 0xFF, 0x5A, 0xAE, 0x6B, 0x00, 0x5A, 0xAE, 0x6B, 0x00, 0x5A, 0xAE, 0x6B, 0x00,
    0x5A, 0xAE, 0x6B, 0x00, 0x5A, 0xAE, 0x6B, 0x00, 0x5A, 0xAE, 0x6B, 0x00, 0x5A, 0xAE, 0x6B, 0x00,
    0x5A, 0xAE, 0x6B, 0x00, 0x5A, 0xAE, 0x6B, 0x00, 0x5A, 0xAE, 0x6B, 0x00, 0x5A, 0xAE, 0x6B, 0x00,
    0x5A, 0xAE, 0x6B, 0x00, 0x5A, 0xAE, 0x6B, 0x00, 0x5A, 0xAE, 0x6B, 0x00, 0x5A, 0xAE, 0x6B, 0x00,
    0x5A, 0xAE, 0x6B, 0x00, 0x5A, 0xAE, 0x6B, 0x00, 0x5A, 0xAE, 0x6B, 0x00, 0x5A, 0xAE, 0x6B, 0x00,
    0x5A, 0xAE, 0x6B, 0x00, 0x5A, 0xAE, 0x6B, 0x00, 0x5A, 0xAE, 0x6B, 0x00, 0x5A, 0xAE, 0x6B, 0x00,
    0x5A, 0xAE, 0x6B, 0x00, 0x5A, 0xAE, 0x6B, 0x00, 0x5A, 0xAE, 0x6B, 0x00, 0x5A, 0xAE, 0x6B, 0x00,
    0x5A, 0xAE, 0x6B, 0x00, 0x5A, 0xAE, 0x6B, 0xFF, 0x5A, 0xAE, 0x6B, 0xFF, 0x5A, 0xAE, 0x6B, 0xFF,
    0x5A, 0xAE, 0x6B, 0x00, 0x5A, 0xAE, 0x6B, 0x00, 0x5A, 0xAE, 0x6B, 0x00, 0x5A, 0xAE, 0x6B, 0x00,
    0x5A, 0xAE, 0x6B, 0x00, 0x5A, 0xAE, 0x6B, 0x00, 0x5A, 0xAE, 0x6B, 0x00, 0x5A, 0xAE, 0x6B, 0x00,
    0x5A, 0xAE, 0x6B, 0x00, 0x5A, 0xAE, 0x6B, 0x00, 0x5A, 0xAE, 0x6B, 0x00, 0x5A, 0xAE, 0x6B, 0x00,
    0x5A, 0xAE, 0x6B, 0x00, 0x5A, 0xAE, 0x6B, 0x00, 0x5A, 0xAE, 0x6B, 0x00, 0x5A, 0xAE, 0x6B, 0x00,
    0x5A, 0xAE, 0x6B, 0x00, 0x5A, 0xAE, 0x6B, 0x00, 0x5A, 0xAE, 0x6B, 0x00, 0x5A, 0xAE, 0x6B, 0x00,
    0x5A, 0xAE, 0x6B, 0x00, 0x5A, 0xAE, 0x6B, 0x00, 0x5A, 0xAE, 0x6B, 0x00, 0x5A, 0xAE, 0x6B, 0x00,
    0x5A, 0xAE, 0x6B, 0x00, 0x5A, 0xAE, 0x6B, 0x00, 0x5A, 0xAE, 0x6B, 0x00, 0x5A, 0xAE, 0x6B, 0x00,
    0x5A, 0xAE, 0x6B, 0xFF, 0x5A, 0xAE, 0x6B, 0xFF, 0x5A, 0xAE, 0x6B, 0xFF, 0x5A, 0xAE, 0x6B, 0x00,
    0x5A, 0xAE, 0x6B, 0x00, 0x5A, 0xAE, 0x6B, 0x00, 0x5A, 0xAE, 0x6B, 0x00, 0x5A, 0xAE, 0x6B, 0x00,
    0x5A, 0xAE, 0x6B, 0x00, 0x5A, 0xAE, 0x6B, 0x00, 0x5A, 0xAE, 0x6B, 0x00, 0x5A, 0xAE, 0x6B, 0x00,
    0x5A, 0xAE, 0x6B, 0x00, 0x5A, 0xAE, 0x6B, 0x00, 0x5A, 0xAE, 0x6B, 0x00, 0x5A, 0xAE, 0x6B, 0x00,
    0x5A, 0xAE, 0x6B, 0x00, 0x5A, 0xAE, 0x6B, 0x00, 0x5A, 0xAE, 0x6B, 0x00, 0x5A, 0xAE, 0x6B, 0x00,
    0x5A, 0xAE, 0x6B, 0x00, 0x5A, 0xAE, 0x6B, 0x00, 0x5A, 0xAE, 0x6B, 0x00, 0x5A, 0xAE, 0x6B, 0x00,
    0x5A, 0xAE, 0x6B, 0x00, 0x5A, 0xAE, 0x6B, 0x00, 0x5A, 0xAE, 0x6B, 0x00, 0x5A, 0xAE, 0x6B, 0x00,
    0x5A, 0xAE, 0x6B, 0x00, 0x5A, 0xAE, 0x6B, 0x00, 0x5A, 0xAE, 0x6B, 0x00, 0x5A, 0xAE, 0x6B, 0xFF,
    0x5A, 0xAE, 0x6B, 0xFF, 0x5A, 0xAE, 0x6B, 0xFF, 0x5A, 0xAE, 0x6B, 0x00, 0x5A, 0xAE, 0x6B, 0x00,
    0x5A, 0xAE, 0x6B, 0x00, 0x5A, 0xAE, 0x6B, 0x00, 0x5A, 0xAE, 0x6B, 0x00, 0x5A, 0xAE, 0x6B, 0x00,
    0x5A, 0xAE, 0x6B, 0x00, 0x5A, 0xAE, 0x6B, 0x00, 0x5A, 0xAE, 0x6B, 0x00, 0x5A, 0xAE, 0x6B, 0x00,
    0x5A, 0xAE, 0x6B, 0x00, 0x5A, 0xAE, 0x6B, 0x00, 0x5A, 0xAE, 0x6B, 0x00, 0x5A, 0xAE, 0x6B, 0x00,
    0x5A, 0xAE, 0x6B, 0x00, 0x5A, 0xAE, 0x6B, 0x00, 0x5A, 0xAE, 0x6B, 0x00, 0x5A, 0xAE, 0x6B, 0x00,
    0x5A, 0xAE, 0x6B, 0x00, 0x5A, 0xAE, 0x6B, 0x00, 0x5A, 0xAE, 0x6B, 0x00, 0x5A, 0xAE, 0x6B, 0x00,
    0x5A, 0xAE, 0x6B, 0x00, 0x5A, 0xAE, 0x6B, 0x00, 0x5A, 0xAE, 0x6B, 0x00, 0x5A, 0xAE, 0x6B, 0x00,
    0x5A, 0xAE, 0x6B, 0x00, 0x5A, 0xAE, 0x6B, 0x00, 0x5A, 0xAE, 0x6B, 0xFF, 0x5A, 0xAE, 0x6B, 0xFF,
    0x5A, 0xAE, 0x6B, 0xFF, 0x5A, 0xAE, 0x6B, 0x00, 0x5A, 0xAE, 0x6B, 0x00, 0x5A, 0xAE, 0x6B, 0x00,
    0x5A, 0xAE, 0x6B, 0x00, 0x5A, 0xAE, 0x6B, 0x00, 0x5A, 0xAE, 0x6B, 0x00, 0x5A, 0xAE, 0x6B, 0x00,
    0x5A, 0xAE, 0x6B, 0x00, 0x5A, 0xAE, 0x6B, 0x00, 0x5A, 0xAE, 0x6B, 0x00, 0x5A, 0xAE, 0x6B, 0x00,
    0x5A, 0xAE, 0x6B, 0x00, 0x5A, 0xAE, 0x6B, 0x00, 0x5A, 0xAE, 0x6B, 0x00, 0x5A, 0xAE, 0x6B, 0x00,
    0x5A, 0xAE, 0x6B, 0x00, 0x5A, 0xAE, 0x6B, 0x00, 0x5A, 0xAE, 0x6B, 0x00, 0x5A, 0xAE, 0x6B, 0x00,
    0x5A, 0xAE, 0x6B, 0x00, 0x5A, 0xAE, 0x6B, 0x00, 0x5A, 0xAE, 0x6B, 0x00, 0x5A, 0xAE, 0x6B, 0x00,
    0x5A, 0xAE, 0x6B, 0x00, 0x5A, 0xAE, 0x6B, 0x00, 0x5A, 0xAE, 0x6B, 0x00, 0x5A, 0xAE, 0x6B, 0x00,
    0x5A, 0xAE, 0x6B, 0x00, 0x5A, 0xAE, 0x6B, 0xFF, 0x5A, 0xAE, 0x6B, 0xFF, 0x5A, 0xAE, 0x6B, 0xFF,
    0x5A, 0xAE, 0x6B, 0x00, 0x5A, 0xAE, 0x6B, 0x00, 0x5A, 0xAE, 0x6B, 0x00, 0x5A, 0xAE, 0x6B, 0x00,
    0x5A, 0xAE, 0x6B, 0x00, 0x5A, 0xAE, 0x6B, 0x00, 0x5A, 0xAE, 0x6B, 0x00, 0x5A, 0xAE, 0x6B, 0x00,
    0x5A, 0xAE, 0x6B, 0x00, 0x5A, 0xAE, 0x6B, 0x00, 0x5A, 0xAE, 0x6B, 0x00, 0x5A, 0xAE, 0x6B, 0x00,
    0x5A, 0xAE, 0x6B, 0x00, 0x5A, 0xAE, 0x6B, 0x00, 0x5A, 0xAE, 0x6B, 0x00, 0x5A, 0xAE, 0x6B, 0x00,
    0x5A, 0xAE, 0x6B, 0x00, 0x5A, 0xAE, 0x6B, 0x00, 0x5A, 0xAE, 0x6B, 0x00, 0x5A, 0xAE, 0x6B, 0x00,
    0x5A, 0xAE, 0x6B, 0x00, 0x5A, 0xAE, 0x6B, 0x00, 0x5A, 0xAE, 0x6B, 0x00, 0x5A, 0xAE, 0x6B, 0x00,
    0x5A, 0xAE, 0x6B, 0x00, 0x5A, 0xAE, 0x6B, 0x00, 0x5A, 0xAE, 0x6B, 0x00, 0x5A, 0xAE, 0x6B, 0x00,
    0x5A, 0xAE, 0x6B, 0xFF, 0x5A, 0xAE, 0x6B, 0xFF, 0x5A, 0xAE, 0x6B, 0xFF, 0x5A, 0xAE, 0x6B, 0x00,
    0x5A, 0xAE, 0x6B, 0x00, 0x5A, 0xAE, 0x6B, 0x00, 0x5A, 0xAE, 0x6B, 0x00, 0x5A, 0xAE, 0x6B, 0x00,
    0x5A, 0xAE, 0x6B, 0x00, 0x5A, 0xAE, 0x6B, 0x00, 0x5A, 0xAE, 0x6B, 0x00, 0x5A, 0xAE, 0x6B, 0x00,
    0x5A, 0xAE, 0x6B, 0x00, 0x5A, 0xAE, 0x6B, 0x00, 0x5A, 0xAE, 0x6B, 0x00, 0x5A, 0xAE, 0x6B, 0x00,
    0x5A, 0xAE, 0x6B, 0x00, 0x5A, 0xAE, 0x6B, 0x00, 0x5A, 0xAE, 0x6B, 0x00, 0x5A, 0xAE, 0x6B, 0x00,
    0x5A, 0xAE, 0x6B, 0x00, 0x5A, 0xAE, 0x6B, 0x00, 0x5A, 0xAE, 0x6B, 0x00, 0x5A, 0xAE, 0x6B, 0x00,
    0x5A, 0xAE, 0x6B, 0x00, 0x5A, 0xAE, 0x6B, 0x00, 0x5A, 0xAE, 0x6B, 0x00, 0x5A, 0xAE, 0x6B, 0x00,
    0x5A, 0xAE, 0x6B, 0x00, 0x5A, 0xAE, 0x6B, 0x00, 0x5A, 0xAE, 0x6B, 0x00, 0x5A, 0xAE, 0x6B, 0xFF,
    0x5A, 0xAE, 0x6B, 0xFF, 0x5A, 0xAE, 0x6B, 0xFF, 0x5A, 0xAE, 0x6B, 0x00, 0x5A, 0xAE, 0x6B, 0x00,
    0x5A, 0xAE, 0x6B, 0x00, 0x5A, 0xAE, 0x6B, 0x00, 0x5A, 0xAE, 0x6B, 0x00, 0x5A, 0xAE, 0x6B, 0x00,
    0x5A, 0xAE, 0x6B, 0x00, 0x5A, 0xAE, 0x6B, 0x00, 0x5A, 0xAE, 0x6B, 0x00, 0x5A, 0xAE, 0x6B, 0x00,
    0x5A, 0xAE, 0x6B, 0x00, 0x5A, 0xAE, 0x6B, 0x00, 0x5A, 0xAE, 0x6B, 0x00, 0x5A, 0xAE, 0x6B, 0x00,
    0x5A, 0xAE, 0x6B, 0x00, 0x5A, 0xAE, 0x6B, 0x00, 0x5A, 0xAE, 0x6B, 0x00, 0x5A, 0xAE, 0x6B, 0x00,
    0x5A, 0xAE, 0x6B, 0x00, 0x5A, 0xAE, 0x6B, 0x00, 0x5A, 0xAE, 0x6B, 0x00, 0x5A, 0xAE, 0x6B, 0x00,
    0x5A, 0xAE, 0x6B, 0x00, 0x5A, 0xAE, 0x6B, 0x00, 0x5A, 0xAE, 0x6B, 0x00, 0x5A, 0xAE, 0x6B, 0x00,
    0x5A, 0xAE, 0x6B, 0x00, 0x5A, 0xAE, 0x6B, 0x00, 0x5A, 0xAE, 0x6B, 0xFF, 0x5A, 0xAE, 0x6B, 0xFF,
    0x5A, 0xAE, 0x6B, 0xFF, 0x5A, 0xAE, 0x6B, 0x00, 0x5A, 0xAE, 0x6B, 0x00, 0x5A, 0xAE, 0x6B, 0x00,
    0x5A, 0xAE, 0x6B, 0x00, 0x5A, 0xAE, 0x6B, 0x00, 0x5A, 0xAE, 0x6B, 0x00, 0x5A, 0xAE, 0x6B, 0x00,
    0x5A, 0xAE, 0x6B, 0x00, 0x5A, 0xAE, 0x6B, 0x00, 0x5A, 0xAE, 0x6B, 0x00, 0x5A, 0xAE, 0x6B, 0x00,
    0x5A, 0xAE, 0x6B, 0x00, 0x5A, 0xAE, 0x6B, 0x00, 0x5A, 0xAE, 0x6B, 0x00, 0x5A, 0xAE, 0x6B, 0x00,
    0x5A, 0xAE, 0x6B, 0x00, 0x5A, 0xAE, 0x6B, 0x00, 0x5A, 0xAE, 0x6B, 0x00, 0x5A, 0xAE, 0x6B, 0x00,
    0x5A, 0xAE, 0x6B, 0x00, 0x5A, 0xAE, 0x6B, 0x00, 0x5A, 0xAE, 0x6B, 0x00, 0x5A, 0xAE, 0x6B, 0x00,
    0x5A, 0xAE, 0x6B, 0x00, 0x5A, 0xAE, 0x6B, 0x00, 0x5A, 0xAE, 0x6B, 0x00, 0x5A, 0xAE, 0x6B, 0x00,
    0x5A, 0xAE, 0x6B, 0x00, 0x5A, 0xAE, 0x6B, 0xFF, 0x5A, 0xAE, 0x6B, 0xFF, 0x5A, 0xAE, 0x6B, 0xFF,
    0x5A, 0xAE, 0x6B, 0x00, 0x5A, 0xAE, 0x6B, 0x00, 0x5A, 0xAE, 0x6B, 0x00, 0x5A, 0xAE, 0x6B, 0x00,
    0x5A, 0xAE, 0x6B, 0x00, 0x5A, 0xAE, 0x6B, 0x00, 0x5A, 0xAE, 0x6B, 0x00, 0x5A, 0xAE, 0x6B, 0x00,
    0x5A, 0xAE, 0x6B, 0x00, 0x5A, 0xAE, 0x6B, 0x00, 0x5A, 0xAE, 0x6B, 0x00, 0x5A, 0xAE, 0x6B, 0x00,
    0x5A, 0xAE, 0x6B, 0x00, 0x5A, 0xAE, 0x6B, 0x00, 0x5A, 0xAE, 0x6B, 0x00, 0x5A, 0xAE, 0x6B, 0x00,
    0x5A, 0xAE, 0x6B, 0x00, 0x5A, 0xAE, 0x6B, 0x00, 0x5A, 0xAE, 0x6B, 0x00, 0x5A, 0xAE, 0x6B, 0x00,
    0x5A, 0xAE, 0x6B, 0x00, 0x5A, 0xAE, 0x6B, 0x00, 0x5A, 0xAE, 0x6B, 0x00, 0x5A, 0xAE, 0x6B, 0x00,
    0x5A, 0xAE, 0x6B, 0x00, 0x5A, 0xAE, 0x6B, 0x00, 0x5A, 0xAE, 0x6B, 0x00, 0x5A, 0xAE, 0x6B, 0x00,
    0x5A, 0xAE, 0x6B, 0xFF, 0x5A, 0xAE, 0x6B, 0xFF, 0x5A, 0xAE, 0x6B, 0xFF, 0x5A, 0xAE, 0x6B, 0x00,
    0x5A, 0xAE, 0x6B, 0x00, 0x5A, 0xAE, 0x6B, 0x00, 0x5A, 0xAE, 0x6B, 0x00, 0x5A, 0xAE, 0x6B, 0x00,
    0x5A, 0xAE, 0x6B, 0x00, 0x5A, 0xAE, 0x6B, 0x00, 0x5A, 0xAE, 0x6B, 0x00, 0x5A, 0xAE, 0x6B, 0x00,
    0x5A, 0xAE, 0x6B, 0x00, 0x5A, 0xAE, 0x6B, 0x00, 0x5A, 0xAE, 0x6B, 0x00, 0x5A, 0xAE, 0x6B, 0x00,
    0x5A, 0xAE, 0x6B, 0x00, 0x5A, 0xAE, 0x6B, 0x00, 0x5A, 0xAE, 0x6B, 0x00, 0x5A, 0xAE, 0x6B, 0x00,
    0x5A, 0xAE, 0x6B, 0x00, 0x5A, 0xAE, 0x6B, 0x00, 0x5A, 0xAE, 0x6B, 0x00, 0x5A, 0xAE, 0x6B, 0x00,
    0x5A, 0xAE, 0x6B, 0x00, 0x5A, 0xAE, 0x6B, 0x00, 0x5A, 0xAE, 0x6B, 0x00, 0x5A, 0xAE, 0x6B, 0x00,
    0x5A, 0xAE, 0x6B, 0x00, 0x5A, 0xAE, 0x6B, 0x00, 0x5A, 0xAE, 0x6B, 0x00, 0x5A, 0xAE, 0x6B, 0xFF,
    0x5A, 0xAE, 0x6B, 0xFF, 0x5A, 0xAE, 0x6B, 0xFF, 0x5A, 0xAE, 0x6B, 0x00, 0x5A, 0xAE, 0x6B, 0x00,
    0x5A, 0xAE, 0x6B, 0x00, 0x5A, 0xAE, 0x6B, 0x00, 0x5A, 0xAE, 0x6B, 0x00, 0x5A, 0xAE, 0x6B, 0x00,
    0x5A, 0xAE, 0x6B, 0x00, 0x5A, 0xAE, 0x6B, 0x00, 0x5A, 0xAE, 0x6B, 0x00, 0x5A, 0xAE, 0x6B, 0x00,
    0x5A, 0xAE, 0x6B, 0x00, 0x5A, 0xAE, 0x6B, 0x00, 0x5A, 0xAE, 0x6B, 0x00, 0x5A, 0xAE, 0x6B, 0x00,
    0x5A, 0xAE, 0x6B, 0x00, 0x5A, 0xAE, 0x6B, 0x00, 0x5A, 0xAE, 0x6B, 0x00, 0x5A, 0xAE, 0x6B, 0x00,
    0x5A, 0xAE, 0x6B, 0x00, 0x5A, 0xAE, 0x6B, 0x00, 0x5A, 0xAE, 0x6B, 0x00, 0x5A, 0xAE, 0x6B, 0x00,
    0x5A, 0xAE, 0x6B, 0x00, 0x5A, 0xAE, 0x6B, 0x00, 0x5A, 0xAE, 0x6B, 0x00, 0x5A, 0xAE, 0x6B, 0x00,
    0x5A, 0xAE, 0x6B, 0x00, 0x5A, 0xAE, 0x6B, 0x00, 0x5A, 0xAE, 0x6B, 0xFF, 0x5A, 0xAE, 0x6B, 0xFF,
    0x5A, 0xAE, 0x6B, 0xFF, 0x5A, 0xAE, 0x6B, 0x00, 0x5A, 0xAE, 0x6B, 0x00, 0x5A, 0xAE, 0x6B, 0x00,
    0x5A, 0xAE, 0x6B, 0x00, 0x5A, 0xAE, 0x6B, 0x00, 0x5A, 0xAE, 0x6B, 0x00, 0x5A, 0xAE, 0x6B, 0x00,
    0x5A, 0xAE, 0x6B, 0x00, 0x5A, 0xAE, 0x6B, 0x00, 0x5A, 0xAE, 0x6B, 0x00, 0x5A, 0xAE, 0x6B, 0x00,
    0x5A, 0xAE, 0x6B, 0x00, 0x5A, 0xAE, 0x6B, 0x00, 0x5A, 0xAE, 0x6B, 0x00, 0x5A, 0xAE, 0x6B, 0x00,
    0x5A, 0xAE, 0x6B, 0x00, 0x5A, 0xAE, 0x6B, 0x00, 0x5A, 0xAE, 0x6B, 0x00, 0x5A, 0xAE, 0x6B, 0x00,
    0x5A, 0xAE, 0x6B, 0x00, 0x5A, 0xAE, 0x6B, 0x00, 0x5A, 0xAE, 0x6B, 0x00, 0x5A, 0xAE, 0x6B, 0x00,
    0x5A, 0xAE, 0x6B, 0x00, 0x5A, 0xAE, 0x6B, 0x00, 0x5A, 0xAE, 0x6B, 0x00, 0x5A, 0xAE, 0x6B, 0x00,
    0x5A, 0xAE, 0x6B, 0x00, 0x5A, 0xAE, 0x6B, 0xFF, 0x5A, 0xAE, 0x6B, 0xFF, 0x5A, 0xAE, 0x6B, 0xFF,
    0x5A, 0xAE, 0x6B, 0x00, 0x5A, 0xAE, 0x6B, 0x00, 0x5A, 0xAE, 0x6B, 0x00, 0x5A, 0xAE, 0x6B, 0x00,
    0x5A, 0xAE, 0x6B, 0x00, 0x5A, 0xAE, 0x6B, 0x00, 0x5A, 0xAE, 0x6B, 0x00, 0x5A, 0xAE, 0x6B, 0x00,
    0x5A, 0xAE, 0x6B, 0x00, 0x5A, 0xAE, 0x6B, 0x00, 0x5A, 0xAE, 0x6B, 0x00, 0x5A, 0xAE, 0x6B, 0x00,
    0x5A, 0xAE, 0x6B, 0x00, 0x5A, 0xAE, 0x6B, 0x00, 0x5A, 0xAE, 0x6B, 0x00, 0x5A, 0xAE, 0x6B, 0x00,
    0x5A, 0xAE, 0x6B, 0x00, 0x5A, 0xAE, 0x6B, 0x00, 0x5A, 0xAE, 0x6B, 0x00, 0x5A, 0xAE, 0x6B, 0x00,
    0x5A, 0xAE, 0x6B, 0x00, 0x5A, 0xAE, 0x6B, 0x00, 0x5A, 0xAE, 0x6B, 0x00, 0x5A, 0xAE, 0x6B, 0x00,
    0x5A, 0xAE, 0x6B, 0x00, 0x5A, 0xAE, 0x6B, 0x00, 0x5A, 0xAE, 0x6B, 0x00, 0x5A, 0xAE, 0x6B, 0x00,
    0x5A, 0xAE, 0x6B, 0xFF, 0x5A, 0xAE, 0x6B, 0xFF, 0x5A, 0xAE, 0x6B, 0xFF, 0x5A, 0xAE, 0x6B, 0x00,
    0x5A, 0xAE, 0x6B, 0x00, 0x5A, 0xAE, 0x6B, 0x00, 0x5A, 0xAE, 0x6B, 0x00, 0x5A, 0xAE, 0x6B, 0x00,
    0x5A, 0xAE, 0x6B, 0x00, 0x5A, 0xAE, 0x6B, 0x00, 0x5A, 0xAE, 0x6B, 0x00, 0x5A, 0xAE, 0x6B, 0x00,
    0x5A, 0xAE, 0x6B, 0x00, 0x5A, 0xAE, 0x6B, 0x00, 0x5A, 0xAE, 0x6B, 0x00, 0x5A, 0xAE, 0x6B, 0x00,
    0x5A, 0xAE, 0x6B, 0x00, 0x5A, 0xAE, 0x6B, 0x00, 0x5A, 0xAE, 0x6B, 0x00, 0x5A, 0xAE, 0x6B, 0x00,
    0x5A, 0xAE, 0x6B, 0x00, 0x5A, 0xAE, 0x6B, 0x00, 0x5A, 0xAE, 0x6B, 0x00, 0x5A, 0xAE, 0x6B, 0x00,
    0x5A, 0xAE, 0x6B, 0x00, 0x5A, 0xAE, 0x6B, 0x00, 0x5A, 0xAE, 0x6B, 0x00, 0x5A, 0xAE, 0x6B, 0x00,
    0x5A, 0xAE, 0x6B, 0x00, 0x5A, 0xAE, 0x6B, 0x00, 0x5A, 0xAE, 0x6B, 0x00, 0x5A, 0xAE, 0x6B, 0xFF,
    0x5A, 0xAE, 0x6B, 0xFF, 0x5A, 0xAE, 0x6B, 0xFF, 0x5A, 0xAE, 0x6B, 0x00, 0x5A, 0xAE, 0x6B, 0x00,
    0x5A, 0xAE, 0x6B, 0x00, 0x5A, 0xAE, 0x6B, 0x00, 0x5A, 0xAE, 0x6B, 0x00, 0x5A, 0xAE, 0x6B, 0x00,
    0x5A, 0xAE, 0x6B, 0x00, 0x5A, 0xAE, 0x6B, 0x00, 0x5A, 0xAE, 0x6B, 0x00, 0x5A, 0xAE, 0x6B, 0x00,
    0x5A, 0xAE, 0x6B, 0x00, 0x5A, 0xAE, 0x6B, 0x00, 0x5A, 0xAE, 0x6B, 0x00, 0x5A, 0xAE, 0x6B, 0x00,
    0x5A, 0xAE, 0x6B, 0x00, 0x5A, 0xAE, 0x6B, 0x00, 0x5A, 0xAE, 0x6B, 0x00, 0x5A, 0xAE, 0x6B, 0x00,
    0x5A, 0xAE, 0x6B, 0x00, 0x5A, 0xAE, 0x6B, 0x00, 0x5A, 0xAE, 0x6B, 0x00, 0x5A, 0xAE, 0x6B, 0x00,
    0x5A, 0xAE, 0x6B, 0x00, 0x5A, 0xAE, 0x6B, 0x00, 0x5A, 0xAE, 0x6B, 0x00, 0x5A, 0xAE, 0x6B, 0x00,
    0x5A, 0xAE, 0x6B, 0x00, 0x5A, 0xAE, 0x6B, 0x00, 0x5A, 0xAE, 0x6B, 0xFF, 0x5A, 0xAE, 0x6B, 0xFF,
    0x5A, 0xAE, 0x6B, 0xFF, 0x5A, 0xAE, 0x6B, 0x00, 0x5A, 0xAE, 0x6B, 0x00, 0x5A, 0xAE, 0x6B, 0x00,
    0x5A, 0xAE, 0x6B, 0x00, 0x5A, 0xAE, 0x6B, 0x00, 0x5A, 0xAE, 0x6B, 0x00, 0x5A, 0xAE, 0x6B, 0x00,
    0x5A, 0xAE, 0x6B, 0x00, 0x5A, 0xAE, 0x6B, 0x00, 0x5A, 0xAE, 0x6B, 0x00, 0x5A, 0xAE, 0x6B, 0x00,
    0x5A, 0xAE, 0x6B, 0x00, 0x5A, 0xAE, 0x6B, 0x00, 0x5A, 0xAE, 0x6B, 0x00, 0x5A, 0xAE, 0x6B, 0x00,
    0x5A, 0xAE, 0x6B, 0x00, 0x5A, 0xAE, 0x6B, 0x00, 0x5A, 0xAE, 0x6B, 0x00, 0x5A, 0xAE, 0x6B, 0x00,
    0x5A, 0xAE, 0x6B, 0x00, 0x5A, 0xAE, 0x6B, 0x00, 0x5A, 0xAE, 0x6B, 0x00, 0x5A, 0xAE, 0x6B, 0x00,
    0x5A, 0xAE, 0x6B, 0x00, 0x5A, 0xAE, 0x6B, 0x00, 0x5A, 0xAE, 0x6B, 0x00, 0x5A, 0xAE, 0x6B, 0x00,
    0x5A, 0xAE, 0x6B, 0x00, 0x5A, 0xAE, 0x6B, 0xFF, 0x5A, 0xAE, 0x6B, 0xFF, 0x5A, 0xAE, 0x6B, 0xFF,
    0x5A, 0xAE, 0x6B, 0x00, 0x5A, 0xAE, 0x6B, 0x00, 0x5A, 0xAE, 0x6B, 0x00, 0x5A, 0xAE, 0x6B, 0x00,
    0x5A, 0xAE, 0x6B, 0x00, 0x5A, 0xAE, 0x6B, 0x00, 0x5A, 0xAE, 0x6B, 0x00, 0x5A, 0xAE, 0x6B, 0x00,
    0x5A, 0xAE, 0x6B, 0x00, 0x5A, 0xAE, 0x6B, 0x00, 0x5A, 0xAE, 0x6B, 0x00, 0x5A, 0xAE, 0x6B, 0x00,
    0x5A, 0xAE, 0x6B, 0x00, 0x5A, 0xAE, 0x6B, 0x00, 0x5A, 0xAE, 0x6B, 0x00, 0x5A, 0xAE, 0x6B, 0x00,
    0x5A, 0xAE, 0x6B, 0x00, 0x5A, 0xAE, 0x6B, 0x00, 0x5A, 0xAE, 0x6B, 0x00, 0x5A, 0xAE, 0x6B, 0x00,
    0x5A, 0xAE, 0x6B, 0x00, 0x5A, 0xAE, 0x6B, 0x00, 0x5A, 0xAE, 0x6B, 0x00, 0x5A, 0xAE, 0x6B, 0x00,
    0x5A, 0xAE, 0x6B, 0x00, 0x5A, 0xAE, 0x6B, 0x00, 0x5A, 0xAE, 0x6B, 0x00, 0x5A, 0xAE, 0x6B, 0x00,
    0x5A, 0xAE, 0x6B, 0xFF, 0x5A, 0xAE, 0x6B, 0xFF, 0x5A, 0xAE, 0x6B, 0xFF, 0x5A, 0xAE, 0x6B, 0x00,
    0x5A, 0xAE, 0x6B, 0x00, 0x5A, 0xAE, 0x6B, 0x00, 0x5A, 0xAE, 0x6B, 0x00, 0x5A, 0xAE, 0x6B, 0x00,
    0x5A, 0xAE, 0x6B, 0x00, 0x5A, 0xAE, 0x6B, 0x00, 0x5A, 0xAE, 0x6B, 0x00, 0x5A, 0xAE, 0x6B, 0x00,
    0x5A, 0xAE, 0x6B, 0x00, 0x5A, 0xAE, 0x6B, 0x00, 0x5A, 0xAE, 0x6B, 0x00, 0x5A, 0xAE, 0x6B, 0x00,
    0x5A, 0xAE, 0x6B, 0x00, 0x5A, 0xAE, 0x6B, 0x00, 0x5A, 0xAE, 0x6B, 0x00, 0x5A, 0xAE, 0x6B, 0x00,
    0x5A, 0xAE, 0x6B, 0x00, 0x5A, 0xAE, 0x6B, 0x00, 0x5A, 0xAE, 0x6B, 0x00, 0x5A, 0xAE, 0x6B, 0x00,
    0x5A, 0xAE, 0x6B, 0x00, 0x5A, 0xAE, 0x6B, 0x00, 0x5A, 0xAE, 0x6B, 0x00, 0x5A, 0xAE, 0x6B, 0x00,
    0x5A, 0xAE, 0x6B, 0x00, 0x5A, 0xAE, 0x6B, 0x00, 0x5A, 0xAE, 0x6B, 0x00, 0x5A, 0xAE, 0x6B, 0xFF,
    0x5A, 0xAE, 0x6B, 0xFF, 0x5A, 0xAE, 0x6B, 0xFF, 0x5A, 0xAE, 0x6B, 0x00, 0x5A, 0xAE, 0x6B, 0x00,
    0x5A, 0xAE, 0x6B, 0x00, 0x5A, 0xAE, 0x6B, 0x00, 0x5A, 0xAE, 0x6B, 0x00, 0x5A, 0xAE, 0x6B, 0x00,
    0x5A, 0xAE, 0x6B, 0x00, 0x5A, 0xAE, 0x6B, 0x00, 0x5A, 0xAE, 0x6B, 0x00, 0x5A, 0xAE, 0x6B, 0x00,
    0x5A, 0xAE, 0x6B, 0x00, 0x5A, 0xAE, 0x6B, 0x00, 0x5A, 0xAE, 0x6B, 0x00, 0x5A, 0xAE, 0x6B, 0x00,
    0x5A, 0xAE, 0x6B, 0x00, 0x5A, 0xAE, 0x6B, 0x00, 0x5A, 0xAE, 0x6B, 0x00, 0x5A, 0xAE, 0x6B, 0x00,
    0x5A, 0xAE, 0x6B, 0x00, 0x5A, 0xAE, 0x6B, 0x00, 0x5A, 0xAE, 0x6B, 0x00, 0x5A, 0xAE, 0x6B, 0x00,
    0x5A, 0xAE, 0x6B, 0x00, 0x5A, 0xAE, 0x6B, 0x00, 0x5A, 0xAE, 0x6B, 0x00, 0x5A, 0xAE, 0x6B, 0x00,
    0x5A, 0xAE, 0x6B, 0x00, 0x5A, 0xAE, 0x6B, 0x00, 0x5A, 0xAE, 0x6B, 0xFF, 0x5A, 0xAE, 0x6B, 0xFF,
    0x5A, 0xAE, 0x6B, 0xFF, 0x5A, 0xAE, 0x6B, 0x00, 0x5A, 0xAE, 0x6B, 0x00, 0x5A, 0xAE, 0x6B, 0x00,
    0x5A, 0xAE, 0x6B, 0x00, 0x5A, 0xAE, 0x6B, 0x00, 0x5A, 0xAE, 0x6B, 0x00, 0x5A, 0xAE, 0x6B, 0x00,
    0x5A, 0xAE, 0x6B, 0x00, 0x5A, 0xAE, 0x6B, 0x00, 0x5A, 0xAE, 0x6B, 0x00, 0x5A, 0xAE, 0x6B, 0x00,
    0x5A, 0xAE, 0x6B, 0x00, 0x5A, 0xAE, 0x6B, 0x00, 0x5A, 0xAE, 0x6B, 0x00, 0x5A, 0xAE, 0x6B, 0x00,
    0x5A, 0xAE, 0x6B, 0x00, 0x5A, 0xAE, 0x6B, 0x00, 0x5A, 0xAE, 0x6B, 0x00, 0x5A, 0xAE, 0x6B, 0x00,
    0x5A, 0xAE, 0x6B, 0x00, 0x5A, 0xAE, 0x6B, 0x00, 0x5A, 0xAE, 0x6B, 0x00, 0x5A, 0xAE, 0x6B, 0x00,
    0x5A, 0xAE, 0x6B, 0x00, 0x5A, 0xAE, 0x6B, 0x00, 0x5A, 0xAE, 0x6B, 0x00, 0x5A, 0xAE, 0x6B, 0x00,
    0x5A, 0xAE, 0x6B, 0x00, 0x5A, 0xAE, 0x6B, 0xFF, 0x5A, 0xAE, 0x6B, 0xFF, 0x5A, 0xAE, 0x6B, 0xFF,
    0x5A, 0xAE, 0x6B, 0x00, 0x5A, 0xAE, 0x6B, 0x00, 0x5A, 0xAE, 0x6B, 0x00, 0x5A, 0xAE, 0x6B, 0x00,
    0x5A, 0xAE, 0x6B, 0x00, 0x5A, 0xAE, 0x6B, 0x00, 0x5A, 0xAE, 0x6B, 0x00, 0x5A, 0xAE, 0x6B, 0x00,
    0x5A, 0xAE, 0x6B, 0x00, 0x5A, 0xAE, 0x6B, 0x00, 0x5A, 0xAE, 0x6B, 0x00, 0x5A, 0xAE, 0x6B, 0x00,
    0x5A, 0xAE, 0x6B, 0x00, 0x5A, 0xAE, 0x6B, 0x00, 0x5A, 0xAE, 0x6B, 0x00, 0x5A, 0xAE, 0x6B, 0x00,
    0x5A, 0xAE, 0x6B, 0x00, 0x5A, 0xAE, 0x6B, 0x00, 0x5A, 0xAE, 0x6B, 0x00, 0x5A, 0xAE, 0x6B, 0x00,
    0x5A, 0xAE, 0x6B, 0x00, 0x5A, 0xAE, 0x6B, 0x00, 0x5A, 0xAE, 0x6B, 0x00, 0x5A, 0xAE, 0x6B, 0x00,
    0x5A, 0xAE, 0x6B, 0x00, 0x5A, 0xAE, 0x6B, 0x00, 0x5A, 0xAE, 0x6B, 0x00, 0x5A, 0xAE, 0x6B, 0x00,
    0x5A, 0xAE, 0x6B, 0xFF, 0x5A, 0xAE, 0x6B, 0xFF, 0x5A, 0xAE, 0x6B, 0xFF, 0x5A, 0xAE, 0x6B, 0x00,
    0x5A, 0xAE, 0x6B, 0x00, 0x5A, 0xAE, 0x6B, 0x00, 0x5A, 0xAE, 0x6B, 0x00, 0x5A, 0xAE, 0x6B, 0x00,
    0x5A, 0xAE, 0x6B, 0x00, 0x5A, 0xAE, 0x6B, 0x00, 0x5A, 0xAE, 0x6B, 0x00, 0x5A, 0xAE, 0x6B, 0x00,
    0x5A, 0xAE, 0x6B, 0x00, 0x5A, 0xAE, 0x6B, 0x00, 0x5A, 0xAE, 0x6B, 0x00, 0x5A, 0xAE, 0x6B, 0x00,
    0x5A, 0xAE, 0x6B, 0x00, 0x5A, 0xAE, 0x6B, 0x00, 0x5A, 0xAE, 0x6B, 0x00, 0x5A, 0xAE, 0x6B, 0x00,
    0x5A, 0xAE, 0x6B, 0x00, 0x5A, 0xAE, 0x6B, 0x00, 0x5A, 0xAE, 0x6B, 0x00, 0x5A, 0xAE, 0x6B, 0x00,
    0x5A, 0xAE, 0x6B, 0x00, 0x5A, 0xAE, 0x6B, 0x00, 0x5A, 0xAE, 0x6B, 0x00, 0x5A, 0xAE, 0x6B, 0x00,
    0x5A, 0xAE, 0x6B, 0x00, 0x5A, 0xAE, 0x6B, 0x00, 0x5A, 0xAE, 0x6B, 0x00, 0x5A, 0xAE, 0x6B, 0xFF,
    0x5A, 0xAE, 0x6B, 0xFF, 0x5A, 0xAE, 0x6B, 0xFF, 0x5A, 0xAE, 0x6B, 0x00, 0x5A, 0xAE, 0x6B, 0x00,
    0x5A, 0xAE, 0x6B, 0x00, 0x5A, 0xAE, 0x6B, 0x00, 0x5A, 0xAE, 0x6B, 0x00, 0x5A, 0xAE, 0x6B, 0x00,
    0x5A, 0xAE, 0x6B, 0x00, 0x5A, 0xAE, 0x6B, 0x00, 0x5A, 0xAE, 0x6B, 0x00, 0x5A, 0xAE, 0x6B, 0x00,
    0x5A, 0xAE, 0x6B, 0x00, 0x5A, 0xAE, 0x6B, 0x00, 0x5A, 0xAE, 0x6B, 0x00, 0x5A, 0xAE, 0x6B, 0x00,
    0x5A, 0xAE, 0x6B, 0x00, 0x5A, 0xAE, 0x6B, 0x00, 0x5A, 0xAE, 0x6B, 0x00, 0x5A, 0xAE, 0x6B, 0x00,
    0x5A, 0xAE, 0x6B, 0x00, 0x5A, 0xAE, 0x6B, 0x00, 0x5A, 0xAE, 0x6B, 0x00, 0x5A, 0xAE, 0x6B, 0x00,
    0x5A, 0xAE, 0x6B, 0x00, 0x5A, 0xAE, 0x6B, 0x00, 0x5A, 0xAE, 0x6B, 0x00, 0x5A, 0xAE, 0x6B, 0x00,
    0x5A, 0xAE, 0x6B, 0x00, 0x5A, 0xAE, 0x6B, 0x00, 0x5A, 0xAE, 0x6B, 0xFF, 0x5A, 0xAE, 0x6B, 0xFF,
    0x5A, 0xAE, 0x6B, 0xFF, 0x5A, 0xAE, 0x6B, 0x00, 0x5A, 0xAE, 0x6B, 0x00, 0x5A, 0xAE, 0x6B, 0x00,
    0x5A, 0xAE, 0x6B, 0x00, 0x5A, 0xAE, 0x6B, 0x00, 0x5A, 0xAE, 0x6B, 0x00, 0x5A, 0xAE, 0x6B, 0x00,
    0x5A, 0xAE, 0x6B, 0x00, 0x5A, 0xAE, 0x6B, 0x00, 0x5A, 0xAE, 0x6B, 0x00, 0x5A, 0xAE, 0x6B, 0x00,
    0x5A, 0xAE, 0x6B, 0x00, 0x5A, 0xAE, 0x6B, 0x00, 0x5A, 0xAE, 0x6B, 0x00, 0x5A, 0xAE, 0x6B, 0x00,
    0x5A, 0xAE, 0x6B, 0x00, 0x5A, 0xAE, 0x6B, 0x00, 0x5A, 0xAE, 0x6B, 0x00, 0x5A, 0xAE, 0x6B, 0x00,
    0x5A, 0xAE, 0x6B, 0x00, 0x5A, 0xAE, 0x6B, 0x00, 0x5A, 0xAE, 0x6B, 0x00, 0x5A, 0xAE, 0x6B, 0x00,
    0x5A, 0xAE, 0x6B, 0x00, 0x5A, 0xAE, 0x6B, 0x00, 0x5A, 0xAE, 0x6B, 0x00, 0x5A, 0xAE, 0x6B, 0x00,
    0x5A, 0xAE, 0x6B, 0x00, 0x5A, 0xAE, 0x6B, 0xFF, 0x5A, 0xAE, 0x6B, 0xFF, 0x5A, 0xAE, 0x6B, 0xFF,
    0x5A, 0xAE, 0x6B, 0x00, 0x5A, 0xAE, 0x6B, 0x00, 0x5A, 0xAE, 0x6B, 0x00, 0x5A, 0xAE, 0x6B, 0x00,
    0x5A, 0xAE, 0x6B, 0x00, 0x5A, 0xAE, 0x6B, 0x00, 0x5A, 0xAE, 0x6B, 0x00, 0x5A, 0xAE, 0x6B, 0x00,
    0x5A, 0xAE, 0x6B, 0x00, 0x5A, 0xAE, 0x6B, 0x00, 0x5A, 0xAE, 0x6B, 0x00, 0x5A, 0xAE, 0x6B, 0x00,
    0x5A, 0xAE, 0x6B, 0x00, 0x5A, 0xAE, 0x6B, 0x00, 0x5A, 0xAE, 0x6B, 0x00, 0x5A, 0xAE, 0x6B, 0x00,
    0x5A, 0xAE, 0x6B, 0x00, 0x5A, 0xAE, 0x6B, 0x00, 0x5A, 0xAE, 0x6B, 0x00, 0x5A, 0xAE, 0x6B, 0x00,
    0x5A, 0xAE, 0x6B, 0x00, 0x5A, 0xAE, 0x6B, 0x00, 0x5A, 0xAE, 0x6B, 0x00, 0x5A, 0xAE, 0x6B, 0x00,
    0x5A, 0xAE, 0x6B, 0x00, 0x5A, 0xAE, 0x6B, 0x00, 0x5A, 0xAE, 0x6B, 0x00, 0x5A, 0xAE, 0x6B, 0x00,
    0x5A, 0xAE, 0x6B, 0xFF, 0x5A, 0xAE, 0x6B, 0xFF, 0x5A, 0xAE, 0x6B, 0xFF, 0x5A, 0xAE, 0x6B, 0x00,
    0x5A, 0xAE, 0x6B, 0x00, 0x5A, 0xAE, 0x6B, 0x00, 0x5A, 0xAE, 0x6B, 0x00, 0x5A, 0xAE, 0x6B, 0x00,
    0x5A, 0xAE, 0x6B, 0x00, 0x5A, 0xAE, 0x6B, 0x00, 0x5A, 0xAE, 0x6B, 0x00, 0x5A, 0xAE, 0x6B, 0x00,
    0x5A, 0xAE, 0x6B, 0x00, 0x5A, 0xAE, 0x6B, 0x00, 0x5A, 0xAE, 0x6B, 0x00, 0x5A, 0xAE, 0x6B, 0x00,
    0x5A, 0xAE, 0x6B, 0x00, 0x5A, 0xAE, 0x6B, 0x00, 0x5A, 0xAE, 0x6B, 0x00, 0x5A, 0xAE, 0x6B, 0x00,
    0x5A, 0xAE, 0x6B, 0x00, 0x5A, 0xAE, 0x6B, 0x00, 0x5A, 0xAE, 0x6B, 0x00, 0x5A, 0xAE, 0x6B, 0x00,
    0x5A, 0xAE, 0x6B, 0x00, 0x5A, 0xAE, 0x6B, 0x00, 0x5A, 0xAE, 0x6B, 0x00, 0x5A, 0xAE, 0x6B, 0x00,
    0x5A, 0xAE, 0x6B, 0x00, 0x5A, 0xAE, 0x6B, 0x00, 0x5A, 0xAE, 0x6B, 0x00, 0x5A, 0xAE, 0x6B, 0xFF,
    0x5A, 0xAE, 0x6B, 0xFF, 0x5A, 0xAE, 0x6B, 0xFF, 0x5A, 0xAE, 0x6B, 0x00, 0x5A, 0xAE, 0x6B, 0x00,
    0x5A, 0xAE, 0x6B, 0x00, 0x5A, 0xAE, 0x6B, 0x00, 0x5A, 0xAE, 0x6B, 0x00, 0x5A, 0xAE, 0x6B, 0x00,
    0x5A, 0xAE, 0x6B, 0x00, 0x5A, 0xAE, 0x6B, 0x00, 0x5A, 0xAE, 0x6B, 0x00, 0x5A, 0xAE, 0x6B, 0x00,
    0x5A, 0xAE, 0x6B, 0x00, 0x5A, 0xAE, 0x6B, 0x00, 0x5A, 0xAE, 0x6B, 0x00, 0x5A, 0xAE, 0x6B, 0x00,
    0x5A, 0xAE, 0x6B, 0x00, 0x5A, 0xAE, 0x6B, 0x00, 0x5A, 0xAE, 0x6B, 0x00, 0x5A, 0xAE, 0x6B, 0x00,
    0x5A, 0xAE, 0x6B, 0x00, 0x5A, 0xAE, 0x6B, 0x00, 0x5A, 0xAE, 0x6B, 0x00, 0x5A, 0xAE, 0x6B, 0x00,
    0x5A, 0xAE, 0x6B, 0x00, 0x5A, 0xAE, 0x6B, 0x00, 0x5A, 0xAE, 0x6B, 0x00, 0x5A, 0xAE, 0x6B, 0x00,
    0x5A, 0xAE, 0x6B, 0x00, 0x5A, 0xAE, 0x6B, 0x00, 0x5A, 0xAE, 0x6B, 0xFF, 0x5A, 0xAE, 0x6B, 0xFF,
    0x5A, 0xAE, 0x6B, 0xFF, 0x5A, 0xAE, 0x6B, 0x00, 0x5A, 0xAE, 0x6B, 0x00, 0x5A, 0xAE, 0x6B, 0x00,
    0x5A, 0xAE, 0x6B, 0x00, 0x5A, 0xAE, 0x6B, 0x00, 0x5A, 0xAE, 0x6B, 0x00, 0x5A, 0xAE, 0x6B, 0x00,
    0x5A, 0xAE, 0x6B, 0x00, 0x5A, 0xAE, 0x6B, 0x00, 0x5A, 0xAE, 0x6B, 0x00, 0x5A, 0xAE, 0x6B, 0x00,
    0x5A, 0xAE, 0x6B, 0x00, 0x5A, 0xAE, 0x6B, 0x00, 0x5A, 0xAE, 0x6B, 0x00, 0x5A, 0xAE, 0x6B, 0x00,
    0x5A, 0xAE, 0x6B, 0x00, 0x5A, 0xAE, 0x6B, 0x00, 0x5A, 0xAE, 0x6B, 0x00, 0x5A, 0xAE, 0x6B, 0x00,
    0x5A, 0xAE, 0x6B, 0x00, 0x5A, 0xAE, 0x6B, 0x00, 0x5A, 0xAE, 0x6B, 0x00, 0x5A, 0xAE, 0x6B, 0x00,
    0x5A, 0xAE, 0x6B, 0x00, 0x5A, 0xAE, 0x6B, 0x00, 0x5A, 0xAE, 0x6B, 0x00, 0x5A, 0xAE, 0x6B, 0x00,
    0x5A, 0xAE, 0x6B, 0x00, 0x5A, 0xAE, 0x6B, 0xFF, 0x5A, 0xAE, 0x6B, 0xFF, 0x5A, 0xAE, 0x6B, 0xFF,
    0x5A, 0xAE, 0x6B, 0x00, 0x5A, 0xAE, 0x6B, 0x00, 0x5A, 0xAE, 0x6B, 0x00, 0x5A, 0xAE, 0x6B, 0x00,
    0x5A, 0xAE, 0x6B, 0x00, 0x5A, 0xAE, 0x6B, 0x00, 0x5A, 0xAE, 0x6B, 0x00, 0x5A, 0xAE, 0x6B, 0x00,
    0x5A, 0xAE, 0x6B, 0x00, 0x5A, 0xAE, 0x6B, 0x00, 0x5A, 0xAE, 0x6B, 0x00, 0x5A, 0xAE, 0x6B, 0x00,
    0x5A, 0xAE, 0x6B, 0x00, 0x5A, 0xAE, 0x6B, 0x00, 0x5A, 0xAE, 0x6B, 0x00, 0x5A, 0xAE, 0x6B, 0x00,
    0x5A, 0xAE, 0x6B, 0x00, 0x5A, 0xAE, 0x6B, 0x00, 0x5A, 0xAE, 0x6B, 0x00, 0x5A, 0xAE, 0x6B, 0x00,
    0x5A, 0xAE, 0x6B, 0x00, 0x5A, 0xAE, 0x6B, 0x00, 0x5A, 0xAE, 0x6B, 0x00, 0x5A, 0xAE, 0x6B, 0x00,
    0x5A, 0xAE, 0x6B, 0x00, 0x5A, 0xAE, 0x6B, 0x00, 0x5A, 0xAE, 0x6B, 0x00, 0x5A, 0xAE, 0x6B, 0x00,
    0x5A, 0xAE, 0x6B, 0xFF, 0x5A, 0xAE, 0x6B, 0xFF, 0x5A, 0xAE, 0x6B, 0xFF, 0x5A, 0xAE, 0x6B, 0x00,
    0x5A, 0xAE, 0x6B, 0x00, 0x5A, 0xAE, 0x6B, 0x00, 0x5A, 0xAE, 0x6B, 0x00, 0x5A, 0xAE, 0x6B, 0x00,
    0x5A, 0xAE, 0x6B, 0x00, 0x5A, 0xAE, 0x6B, 0x00, 0x5A, 0xAE, 0x6B, 0x00, 0x5A, 0xAE, 0x6B, 0x00,
    0x5A, 0xAE, 0x6B, 0x00, 0x5A, 0xAE, 0x6B, 0x00, 0x5A, 0xAE, 0x6B, 0x00, 0x5A, 0xAE, 0x6B, 0x00,
    0x5A, 0xAE, 0x6B, 0x00, 0x5A, 0xAE, 0x6B, 0x00, 0x5A, 0xAE, 0x6B, 0x00, 0x5A, 0xAE, 0x6B, 0x00,
    0x5A, 0xAE, 0x6B, 0x00, 0x5A, 0xAE, 0x6B, 0x00, 0x5A, 0xAE, 0x6B, 0x00, 0x5A, 0xAE, 0x6B, 0x00,
    0x5A, 0xAE, 0x6B, 0x00, 0x5A, 0xAE, 0x6B, 0x00, 0x5A, 0xAE, 0x6B, 0x00, 0x5A, 0xAE, 0x6B, 0x00,
    0x5A, 0xAE, 0x6B, 0x00, 0x5A, 0xAE, 0x6B, 0x00, 0x5A, 0xAE, 0x6B, 0x00, 0x5A, 0xAE, 0x6B, 0xFF,
    0x5A, 0xAE, 0x6B, 0xFF, 0x5A, 0xAE, 0x6B, 0xFF, 0x5A, 0xAE, 0x6B, 0x00, 0x5A, 0xAE, 0x6B, 0x00,
    0x5A, 0xAE, 0x6B, 0x00, 0x5A, 0xAE, 0x6B, 0x00, 0x5A, 0xAE, 0x6B, 0x00, 0x5A, 0xAE, 0x6B, 0x00,
    0x5A, 0xAE, 0x6B, 0x00, 0x5A, 0xAE, 0x6B, 0x00, 0x5A, 0xAE, 0x6B, 0x00, 0x5A, 0xAE, 0x6B, 0x00,
    0x5A, 0xAE, 0x6B, 0x00, 0x5A, 0xAE, 0x6B, 0x00, 0x5A, 0xAE, 0x6B, 0x00, 0x5A, 0xAE, 0x6B, 0x00,
    0x5A, 0xAE, 0x6B, 0x00, 0x5A, 0xAE, 0x6B, 0x00, 0x5A, 0xAE, 0x6B, 0x00, 0x5A, 0xAE, 0x6B, 0x00,
    0x5A, 0xAE, 0x6B, 0x00, 0x5A, 0xAE, 0x6B, 0x00, 0x5A, 0xAE, 0x6B, 0x00, 0x5A, 0xAE, 0x6B, 0x00,
    0x5A, 0xAE, 0x6B, 0x00, 0x5A, 0xAE, 0x6B, 0x00, 0x5A, 0xAE, 0x6B, 0x00, 0x5A, 0xAE, 0x6B, 0x00,
    0x5A, 0xAE, 0x6B, 0x00, 0x5A, 0xAE, 0x6B, 0x00, 0x5A, 0xAE, 0x6B, 0xFF, 0x5A, 0xAE, 0x6B, 0xFF,
    0x5A, 0xAE, 0x6B, 0xFF, 0x5A, 0xAE, 0x6B, 0x00, 0x5A, 0xAE, 0x6B, 0x00, 0x5A, 0xAE, 0x6B, 0x00,
    0x5A, 0xAE, 0x6B, 0x00, 0x5A, 0xAE, 0x6B, 0x00, 0x5A, 0xAE, 0x6B, 0x00, 0x5A, 0xAE, 0x6B, 0x00,
    0x5A, 0xAE, 0x6B, 0x00, 0x5A, 0xAE, 0x6B, 0x00, 0x5A, 0xAE, 0x6B, 0x00, 0x5A, 0xAE, 0x6B, 0x00,
    0x5A, 0xAE, 0x6B, 0x00, 0x5A, 0xAE, 0x6B, 0x00, 0x5A, 0xAE, 0x6B, 0x00, 0x5A, 0xAE, 0x6B, 0x00,
    0x5A, 0xAE, 0x6B, 0x00, 0x5A, 0xAE, 0x6B, 0x00, 0x5A, 0xAE, 0x6B, 0x00, 0x5A, 0xAE, 0x6B, 0x00,
    0x5A, 0xAE, 0x6B, 0x00, 0x5A, 0xAE, 0x6B, 0x00, 0x5A, 0xAE, 0x6B, 0x00, 0x5A, 0xAE, 0x6B, 0x00,
    0x5A, 0xAE, 0x6B, 0x00, 0x5A, 0xAE, 0x6B, 0x00, 0x5A, 0xAE, 0x6B, 0x00, 0x5A, 0xAE, 0x6B, 0x00,
    0x5A, 0xAE, 0x6B, 0x00, 0x5A, 0xAE, 0x6B, 0xFF, 0x5A, 0xAE, 0x6B, 0xFF, 0x5A, 0xAE, 0x6B, 0xFF,
    0x5A, 0xAE, 0x6B, 0x00, 0x5A, 0xAE, 0x6B, 0x00, 0x5A, 0xAE, 0x6B, 0x00, 0x5A, 0xAE, 0x6B, 0x00,
    0x5A, 0xAE, 0x6B, 0x00, 0x5A, 0xAE, 0x6B, 0x00, 0x5A, 0xAE, 0x6B, 0x00, 0x5A, 0xAE, 0x6B, 0x00,
    0x5A, 0xAE, 0x6B, 0x00, 0x5A, 0xAE, 0x6B, 0x00, 0x5A, 0xAE, 0x6B, 0x00, 0x5A, 0xAE, 0x6B, 0x00,
    0x5A, 0xAE, 0x6B, 0x00, 0x5A, 0xAE, 0x6B, 0x00, 0x5A, 0xAE, 0x6B, 0x00, 0x5A, 0xAE, 0x6B, 0x00,
    0x5A, 0xAE, 0x6B, 0x00, 0x5A, 0xAE, 0x6B, 0x00, 0x5A, 0xAE, 0x6B, 0x00, 0x5A, 0xAE, 0x6B, 0x00,
    0x5A, 0xAE, 0x6B, 0x00, 0x5A, 0xAE, 0x6B, 0x00, 0x5A, 0xAE, 0x6B, 0x00, 0x5A, 0xAE, 0x6B, 0x00,
    0x5A, 0xAE, 0x6B, 0x00, 0x5A, 0xAE, 0x6B, 0x00, 0x5A, 0xAE, 0x6B, 0x00, 0x5A, 0xAE, 0x6B, 0x00,
    0x5A, 0xAE, 0x6B, 0xFF, 0x5A, 0xAE, 0x6B, 0xFF, 0x5A, 0xAE, 0x6B, 0xFF, 0x5A, 0xAE, 0x6B, 0x00,
    0x5A, 0xAE, 0x6B, 0x00, 0x5A, 0xAE, 0x6B, 0x00, 0x5A, 0xAE, 0x6B, 0x00, 0x5A, 0xAE, 0x6B, 0x00,
    0x5A, 0xAE, 0x6B, 0x00, 0x5A, 0xAE, 0x6B, 0x00, 0x5A, 0xAE, 0x6B, 0x00, 0x5A, 0xAE, 0x6B, 0x00,
    0x5A, 0xAE, 0x6B, 0x00, 0x5A, 0xAE, 0x6B, 0x00, 0x5A, 0xAE, 0x6B, 0x00, 0x5A, 0xAE, 0x6B, 0x00,
    0x5A, 0xAE, 0x6B, 0x00, 0x5A, 0xAE, 0x6B, 0x00, 0x5A, 0xAE, 0x6B, 0x00, 0x5A, 0xAE, 0x6B, 0x00,
    0x5A, 0xAE, 0x6B, 0x00, 0x5A, 0xAE, 0x6B, 0x00, 0x5A, 0xAE, 0x6B, 0x00, 0x5A, 0xAE, 0x6B, 0x00,
    0x5A, 0xAE, 0x6B, 0x00, 0x5A, 0xAE, 0x6B, 0x00, 0x5A, 0xAE, 0x6B, 0x00, 0x5A, 0xAE, 0x6B, 0x00,
    0x5A, 0xAE, 0x6B, 0x00, 0x5A, 0xAE, 0x6B, 0x00, 0x5A, 0xAE, 0x6B, 0x00, 0x5A, 0xAE, 0x6B, 0xFF,
    0x5A, 0xAE, 0x6B, 0xFF, 0x5A, 0xAE, 0x6B, 0xFF, 0x5A, 0xAE, 0x6B, 0x00, 0x5A, 0xAE, 0x6B, 0x00,
    0x5A, 0xAE, 0x6B, 0x00, 0x5A, 0xAE, 0x6B, 0x00, 0x5A, 0xAE, 0x6B, 0x00, 0x5A, 0xAE, 0x6B, 0x00,
    0x5A, 0xAE, 0x6B, 0x00, 0x5A, 0xAE, 0x6B, 0x00, 0x5A, 0xAE, 0x6B, 0x00, 0x5A, 0xAE, 0x6B, 0x00,
    0x5A, 0xAE, 0x6B, 0x00, 0x5A, 0xAE, 0x6B, 0x00, 0x5A, 0xAE, 0x6B, 0x00, 0x5A, 0xAE, 0x6B, 0x00,
    0x5A, 0xAE, 0x6B, 0x00, 0x5A, 0xAE, 0x6B, 0x00, 0x5A, 0xAE, 0x6B, 0x00, 0x5A, 0xAE, 0x6B, 0x00,
    0x5A, 0xAE, 0x6B, 0x00, 0x5A, 0xAE, 0x6B, 0x00, 0x5A, 0xAE, 0x6B, 0x00, 0x5A, 0xAE, 0x6B, 0x00,
    0x5A, 0xAE, 0x6B, 0x00, 0x5A, 0xAE, 0x6B, 0x00, 0x5A, 0xAE, 0x6B, 0x00, 0x5A, 0xAE, 0x6B, 0x00,
    0x5A, 0xAE, 0x6B, 0x00, 0x5A, 0xAE, 0x6B, 0x00, 0x5A, 0xAE, 0x6B, 0xFF, 0x5A, 0xAE, 0x6B, 0xFF,
    0x5A, 0xAE, 0x6B, 0xFF, 0x5A, 0xAE, 0x6B, 0x00, 0x5A, 0xAE, 0x6B, 0x00, 0x5A, 0xAE, 0x6B, 0x00,
    0x5A, 0xAE, 0x6B, 0x00, 0x5A, 0xAE, 0x6B, 0x00, 0x5A, 0xAE, 0x6B, 0x00, 0x5A, 0xAE, 0x6B, 0x00,
    0x5A, 0xAE, 0x6B, 0x00, 0x5A, 0xAE, 0x6B, 0x00, 0x5A, 0xAE, 0x6B, 0x00, 0x5A, 0xAE, 0x6B, 0x00,
    0x5A, 0xAE, 0x6B, 0x00, 0x5A, 0xAE, 0x6B, 0x00, 0x5A, 0xAE, 0x6B, 0x00, 0x5A, 0xAE, 0x6B, 0x00,
    0x5A, 0xAE, 0x6B, 0x00, 0x5A, 0xAE, 0x6B, 0x00, 0x5A, 0xAE, 0x6B, 0x00, 0x5A, 0xAE, 0x6B, 0x00,
    0x5A, 0xAE, 0x6B, 0x00, 0x5A, 0xAE, 0x6B, 0x00, 0x5A, 0xAE, 0x6B, 0x00, 0x5A, 0xAE, 0x6B, 0x00,
    0x5A, 0xAE, 0x6B, 0x00, 0x5A, 0xAE, 0x6B, 0x00, 0x5A, 0xAE, 0x6B, 0x00, 0x5A, 0xAE, 0x6B, 0x00,
    0x5A, 0xAE, 0x6B, 0x00, 0x5A, 0xAE, 0x6B, 0xFF, 0x5A, 0xAE, 0x6B, 0xFF, 0x5A, 0xAE, 0x6B, 0xFF,
    0x5A, 0xAE, 0x6B, 0x00, 0x5A, 0xAE, 0x6B, 0x00, 0x5A, 0xAE, 0x6B, 0x00, 0x5A, 0xAE, 0x6B, 0x00,
    0x5A, 0xAE, 0x6B, 0x00, 0x5A, 0xAE, 0x6B, 0x00, 0x5A, 0xAE, 0x6B, 0x00, 0x5A, 0xAE, 0x6B, 0x00,
    0x5A, 0xAE, 0x6B, 0x00, 0x5A, 0xAE, 0x6B, 0x00, 0x5A, 0xAE, 0x6B, 0x00, 0x5A, 0xAE, 0x6B, 0x00,
    0x5A, 0xAE, 0x6B, 0x00, 0x5A, 0xAE, 0x6B, 0x00, 0x5A, 0xAE, 0x6B, 0x00, 0x5A, 0xAE, 0x6B, 0x00,
    0x5A, 0xAE, 0x6B, 0x00, 0x5A, 0xAE, 0x6B, 0x00, 0x5A, 0xAE, 0x6B, 0x00, 0x5A, 0xAE, 0x6B, 0x00,
    0x5A, 0xAE, 0x6B, 0x00, 0x5A, 0xAE, 0x6B, 0x00, 0x5A, 0xAE, 0x6B, 0x00, 0x5A, 0xAE, 0x6B, 0x00,
    0x5A, 0xAE, 0x6B, 0x00, 0x5A, 0xAE, 0x6B, 0x00, 0x5A, 0xAE, 0x6B, 0x00, 0x5A, 0xAE, 0x6B, 0x00,
    0x5A, 0xAE, 0x6B, 0xFF, 0x5A, 0xAE, 0x6B, 0xFF, 0x5A, 0xAE, 0x6B, 0xFF, 0x5A, 0xAE, 0x6B, 0x00,
    0x5A, 0xAE, 0x6B, 0x00, 0x5A, 0xAE, 0x6B, 0x00, 0x5A, 0xAE, 0x6B, 0x00, 0x5A, 0xAE, 0x6B, 0x00,
    0x5A, 0xAE, 0x6B, 0x00, 0x5A, 0xAE, 0x6B, 0x00, 0x5A, 0xAE, 0x6B, 0x00, 0x5A, 0xAE, 0x6B, 0x00,
    0x5A, 0xAE, 0x6B, 0x00, 0x5A, 0xAE, 0x6B, 0x00, 0x5A, 0xAE, 0x6B, 0x00, 0x5A, 0xAE, 0x6B, 0x00,
    0x5A, 0xAE, 0x6B, 0x00, 0x5A, 0xAE, 0x6B, 0x00, 0x5A, 0xAE, 0x6B, 0x00, 0x5A, 0xAE, 0x6B, 0x00,
    0x5A, 0xAE, 0x6B, 0x00, 0x5A, 0xAE, 0x6B, 0x00, 0x5A, 0xAE, 0x6B, 0x00, 0x5A, 0xAE, 0x6B, 0x00,
    0x5A, 0xAE, 0x6B, 0x00, 0x5A, 0xAE, 0x6B, 0x00, 0x5A, 0xAE, 0x6B, 0x00, 0x5A, 0xAE, 0x6B, 0x00,
    0x5A, 0xAE, 0x6B, 0x00, 0x5A, 0xAE, 0x6B, 0x00, 0x5A, 0xAE, 0x6B, 0x00, 0x5A, 0xAE, 0x6B, 0xFF,
    0x5A, 0xAE, 0x6B, 0xFF, 0x5A, 0xAE, 0x6B, 0xFF, 0x5A, 0xAE, 0x6B, 0x00, 0x5A, 0xAE, 0x6B, 0x00,
    0x5A, 0xAE, 0x6B, 0x00, 0x5A, 0xAE, 0x6B, 0x00, 0x5A, 0xAE, 0x6B, 0x00, 0x5A, 0xAE, 0x6B, 0x00,
    0x5A, 0xAE, 0x6B, 0x00, 0x5A, 0xAE, 0x6B, 0x00, 0x5A, 0xAE, 0x6B, 0x00, 0x5A, 0xAE, 0x6B, 0x00,
    0x5A, 0xAE, 0x6B, 0x00, 0x5A, 0xAE, 0x6B, 0x00, 0x5A, 0xAE, 0x6B, 0x00, 0x5A, 0xAE, 0x6B, 0x00,
    0x5A, 0xAE, 0x6B, 0x00, 0x5A, 0xAE, 0x6B, 0x00, 0x5A, 0xAE, 0x6B, 0x00, 0x5A, 0xAE, 0x6B, 0x00,
    0x5A, 0xAE, 0x6B, 0x00, 0x5A, 0xAE, 0x6B, 0x00, 0x5A, 0xAE, 0x6B, 0x00, 0x5A, 0xAE, 0x6B, 0x00,
    0x5A, 0xAE, 0x6B, 0x00, 0x5A, 0xAE, 0x6B, 0x00, 0x5A, 0xAE, 0x6B, 0x00, 0x5A, 0xAE, 0x6B, 0x00,
    0x5A, 0xAE, 0x6B, 0x00, 0x5A, 0xAE, 0x6B, 0x00, 0x5A, 0xAE, 0x6B, 0xFF, 0x5A, 0xAE, 0x6B, 0xFF,
    0x5A, 0xAE, 0x6B, 0xFF, 0x5A, 0xAE, 0x6B, 0x00, 0x5A, 0xAE, 0x6B, 0x00, 0x5A, 0xAE, 0x6B, 0x00,
    0x5A, 0xAE, 0x6B, 0x00, 0x5A, 0xAE, 0x6B, 0x00, 0x5A, 0xAE, 0x6B, 0x00, 0x5A, 0xAE, 0x6B, 0x00,
    0x5A, 0xAE, 0x6B, 0x00, 0x5A, 0xAE, 0x6B, 0x00, 0x5A, 0xAE, 0x6B, 0x00, 0x5A, 0xAE, 0x6B, 0x00,
    0x5A, 0xAE, 0x6B, 0x00, 0x5A, 0xAE, 0x6B, 0x00, 0x5A, 0xAE, 0x6B, 0x00, 0x5A, 0xAE, 0x6B, 0x00,
    0x5A, 0xAE, 0x6B, 0x00, 0x5A, 0xAE, 0x6B, 0x00, 0x5A, 0xAE, 0x6B, 0x00, 0x5A, 0xAE, 0x6B, 0x00,
    0x5A, 0xAE, 0x6B, 0x00, 0x5A, 0xAE, 0x6B, 0x00, 0x5A, 0xAE, 0x6B, 0x00, 0x5A, 0xAE, 0x6B, 0x00,
    0x5A, 0xAE, 0x6B, 0x00, 0x5A, 0xAE, 0x6B, 0x00, 0x5A, 0xAE, 0x6B, 0x00, 0x5A, 0xAE, 0x6B, 0x00,
    0x5A, 0xAE, 0x6B, 0x00, 0x5A, 0xAE, 0x6B, 0xFF, 0x5A, 0xAE, 0x6B, 0xFF, 0x5A, 0xAE, 0x6B, 0xFF,
    0x5A, 0xAE, 0x6B, 0x00, 0x5A, 0xAE, 0x6B, 0x00, 0x5A, 0xAE, 0x6B, 0x00, 0x5A, 0xAE, 0x6B, 0x00,
    0x5A, 0xAE, 0x6B, 0x00, 0x5A, 0xAE, 0x6B, 0x00, 0x5A, 0xAE, 0x6B, 0x00, 0x5A, 0xAE, 0x6B, 0x00,
    0x5A, 0xAE, 0x6B, 0x00, 0x5A, 0xAE, 0x6B, 0x00, 0x5A, 0xAE, 0x6B, 0x00, 0x5A, 0xAE, 0x6B, 0x00,
    0x5A, 0xAE, 0x6B, 0x00, 0x5A, 0xAE, 0x6B, 0x00, 0x5A, 0xAE, 0x6B, 0x00, 0x5A, 0xAE, 0x6B, 0x00,
    0x5A, 0xAE, 0x6B, 0x00, 0x5A, 0xAE, 0x6B, 0x00, 0x5A, 0xAE, 0x6B, 0x00, 0x5A, 0xAE, 0x6B, 0x00,
    0x5A, 0xAE, 0x6B, 0x00, 0x5A, 0xAE, 0x6B, 0x00, 0x5A, 0xAE, 0x6B, 0x00, 0x5A, 0xAE, 0x6B, 0x00,
    0x5A, 0xAE, 0x6B, 0x00, 0x5A, 0xAE, 0x6B, 0x00, 0x5A, 0xAE, 0x6B, 0x00, 0x5A, 0xAE, 0x6B, 0x00,
    0x5A, 0xAE, 0x6B, 0xFF, 0x5A, 0xAE, 0x6B, 0xFF, 0x5A, 0xAE, 0x6B, 0xFF, 0x5A, 0xAE, 0x6B, 0x00,
    0x5A, 0xAE, 0x6B, 0x00, 0x5A, 0xAE, 0x6B, 0x00, 0x5A, 0xAE, 0x6B, 0x00, 0x5A, 0xAE, 0x6B, 0x00,
    0x5A, 0xAE, 0x6B, 0x00, 0x5A, 0xAE, 0x6B, 0x00, 0x5A, 0xAE, 0x6B, 0x00, 0x5A, 0xAE, 0x6B, 0x00,
    0x5A, 0xAE, 0x6B, 0x00, 0x5A, 0xAE, 0x6B, 0x00, 0x5A, 0xAE, 0x6B, 0x00, 0x5A, 0xAE, 0x6B, 0x00,
    0x5A, 0xAE, 0x6B, 0x00, 0x5A, 0xAE, 0x6B, 0x00, 0x5A, 0xAE, 0x6B, 0x00, 0x5A, 0xAE, 0x6B, 0x00,
    0x5A, 0xAE, 0x6B, 0x00, 0x5A, 0xAE, 0x6B, 0x00, 0x5A, 0xAE, 0x6B, 0x00, 0x5A, 0xAE, 0x6B, 0x00,
    0x5A, 0xAE, 0x6B, 0x00, 0x5A, 0xAE, 0x6B, 0x00, 0x5A, 0xAE, 0x6B, 0x00, 0x5A, 0xAE, 0x6B, 0x00,
    0x5A, 0xAE, 0x6B, 0x00, 0x5A, 0xAE, 0x6B, 0x00, 0x5A, 0xAE, 0x6B, 0x00, 0x5A, 0xAE, 0x6B, 0xFF,
    0x5A, 0xAE, 0x6B, 0xFF, 0x5A, 0xAE, 0x6B, 0xFF, 0x5A, 0xAE, 0x6B, 0x00, 0x5A, 0xAE, 0x6B, 0x00,
    0x5A, 0xAE, 0x6B, 0x00, 0x5A, 0xAE, 0x6B, 0x00, 0x5A, 0xAE, 0x6B, 0x00, 0x5A, 0xAE, 0x6B, 0x00,
    0x5A, 0xAE, 0x6B, 0x00, 0x5A, 0xAE, 0x6B, 0x00, 0x5A, 0xAE, 0x6B, 0x00, 0x5A, 0xAE, 0x6B, 0x00,
    0x5A, 0xAE, 0x6B, 0x00, 0x5A, 0xAE, 0x6B, 0x00, 0x5A, 0xAE, 0x6B, 0x00, 0x5A, 0xAE, 0x6B, 0x00,
    0x5A, 0xAE, 0x6B, 0x00, 0x5A, 0xAE, 0x6B, 0x00, 0x5A, 0xAE, 0x6B, 0x00, 0x5A, 0xAE, 0x6B, 0x00,
    0x5A, 0xAE, 0x6B, 0x00, 0x5A, 0xAE, 0x6B, 0x00, 0x5A, 0xAE, 0x6B, 0x00, 0x5A, 0xAE, 0x6B, 0x00,
    0x5A, 0xAE, 0x6B, 0x00, 0x5A, 0xAE, 0x6B, 0x00, 0x5A, 0xAE, 0x6B, 0x00, 0x5A, 0xAE, 0x6B, 0x00,
    0x5A, 0xAE, 0x6B, 0x00, 0x5A, 0xAE, 0x6B, 0x00, 0x5A, 0xAE, 0x6B, 0xFF, 0x5A, 0xAE, 0x6B, 0xFF,
    0x5A, 0xAE, 0x6B, 0xFF, 0x5A, 0xAE, 0x6B, 0x00, 0x5A, 0xAE, 0x6B, 0x00, 0x5A, 0xAE, 0x6B, 0x00,
    0x5A, 0xAE, 0x6B, 0x00, 0x5A, 0xAE, 0x6B, 0x00, 0x5A, 0xAE, 0x6B, 0x00, 0x5A, 0xAE, 0x6B, 0x00,
    0x5A, 0xAE, 0x6B, 0x00, 0x5A, 0xAE, 0x6B, 0x00, 0x5A, 0xAE, 0x6B, 0x00, 0x5A, 0xAE, 0x6B, 0x00,
    0x5A, 0xAE, 0x6B, 0x00, 0x5A, 0xAE, 0x6B, 0x00, 0x5A, 0xAE, 0x6B, 0x00, 0x5A, 0xAE, 0x6B, 0x00,
    0x5A, 0xAE, 0x6B, 0x00, 0x5A, 0xAE, 0x6B, 0x00, 0x5A, 0xAE, 0x6B, 0x00, 0x5A, 0xAE, 0x6B, 0x00,
    0x5A, 0xAE, 0x6B, 0x00, 0x5A, 0xAE, 0x6B, 0x00, 0x5A, 0xAE, 0x6B, 0x00, 0x5A, 0xAE, 0x6B, 0x00,
    0x5A, 0xAE, 0x6B, 0x00, 0x5A, 0xAE, 0x6B, 0x00, 0x5A, 0xAE, 0x6B, 0x00, 0x5A, 0xAE, 0x6B, 0x00,
    0x5A, 0xAE, 0x6B, 0x00, 0x5A, 0xAE, 0x6B, 0xFF, 0x5A, 0xAE, 0x6B, 0xFF, 0x5A, 0xAE, 0x6B, 0xFF,
    0x5A, 0xAE, 0x6B, 0x00, 0x5A, 0xAE, 0x6B, 0x00, 0x5A, 0xAE, 0x6B, 0x00, 0x5A, 0xAE, 0x6B, 0x00,
    0x5A, 0xAE, 0x6B, 0x00, 0x5A, 0xAE, 0x6B, 0x00, 0x5A, 0xAE, 0x6B, 0x00, 0x5A, 0xAE, 0x6B, 0x00,
    0x5A, 0xAE, 0x6B, 0x00, 0x5A, 0xAE, 0x6B, 0x00, 0x5A, 0xAE, 0x6B, 0x00, 0x5A, 0xAE, 0x6B, 0x00,
    0x5A, 0xAE, 0x6B, 0x00, 0x5A, 0xAE, 0x6B, 0x00, 0x5A, 0xAE, 0x6B, 0x00, 0x5A, 0xAE, 0x6B, 0x00,
    0x5A, 0xAE, 0x6B, 0x00, 0x5A, 0xAE, 0x6B, 0x00, 0x5A, 0xAE, 0x6B, 0x00, 0x5A, 0xAE, 0x6B, 0x00,
    0x5A, 0xAE, 0x6B, 0x00, 0x5A, 0xAE, 0x6B, 0x00, 0x5A, 0xAE, 0x6B, 0x00, 0x5A, 0xAE, 0x6B, 0x00,
    0x5A, 0xAE, 0x6B, 0x00, 0x5A, 0xAE, 0x6B, 0x00, 0x5A, 0xAE, 0x6B, 0x00, 0x5A, 0xAE, 0x6B, 0x00,
    0x5A, 0xAE, 0x6B, 0xFF, 0x5A, 0xAE, 0x6B, 0xFF, 0x5A, 0xAE, 0x6B, 0xFF, 0x5A, 0xAE, 0x6B, 0x00,
    0x5A, 0xAE, 0x6B, 0x00, 0x5A, 0xAE, 0x6B, 0x00, 0x5A, 0xAE, 0x6B, 0x00, 0x5A, 0xAE, 0x6B, 0x00,
    0x5A, 0xAE, 0x6B, 0x00, 0x5A, 0xAE, 0x6B, 0x00, 0x5A, 0xAE, 0x6B, 0x00, 0x5A, 0xAE, 0x6B, 0x00,
    0x5A, 0xAE, 0x6B, 0x00, 0x5A, 0xAE, 0x6B, 0x00, 0x5A, 0xAE, 0x6B, 0x00, 0x5A, 0xAE, 0x6B, 0x00,
    0x5A, 0xAE, 0x6B, 0x00, 0x5A, 0xAE, 0x6B, 0x00, 0x5A, 0xAE, 0x6B, 0x00, 0x5A, 0xAE, 0x6B, 0x00,
    0x5A, 0xAE, 0x6B, 0x00, 0x5A, 0xAE, 0x6B, 0x00, 0x5A, 0xAE, 0x6B, 0x00, 0x5A, 0xAE, 0x6B, 0x00,
    0x5A, 0xAE, 0x6B, 0x00, 0x5A, 0xAE, 0x6B, 0x00, 0x5A, 0xAE, 0x6B, 0x00, 0x5A, 0xAE, 0x6B, 0x00,
    0x5A, 0xAE, 0x6B, 0x00, 0x5A, 0xAE, 0x6B, 0x00, 0x5A, 0xAE, 0x6B, 0x00, 0x5A, 0xAE, 0x6B, 0xFF,
    0x5A, 0xAE, 0x6B, 0xFF, 0x5A, 0xAE, 0x6B, 0xFF, 0x5A, 0xAE, 0x6B, 0x00, 0x5A, 0xAE, 0x6B, 0x00,
    0x5A, 0xAE, 0x6B, 0x00, 0x5A, 0xAE, 0x6B, 0x00, 0x5A, 0xAE, 0x6B, 0x00, 0x5A, 0xAE, 0x6B, 0x00,
    0x5A, 0xAE, 0x6B, 0x00, 0x5A, 0xAE, 0x6B, 0x00, 0x5A, 0xAE, 0x6B, 0x00, 0x5A, 0xAE, 0x6B, 0x00,
    0x5A, 0xAE, 0x6B, 0x00, 0x5A, 0xAE, 0x6B, 0x00, 0x5A, 0xAE, 0x6B, 0x00, 0x5A, 0xAE, 0x6B, 0x00,
    0x5A, 0xAE, 0x6B, 0x00, 0x5A, 0xAE, 0x6B, 0x00, 0x5A, 0xAE, 0x6B, 0x00, 0x5A, 0xAE, 0x6B, 0x00,
    0x5A, 0xAE, 0x6B, 0x00, 0x5A, 0xAE, 0x6B, 0x00, 0x5A, 0xAE, 0x6B, 0x00, 0x5A, 0xAE, 0x6B, 0x00,
    0x5A, 0xAE, 0x6B, 0x00, 0x5A, 0xAE, 0x6B, 0x00, 0x5A, 0xAE, 0x6B, 0x00, 0x5A, 0xAE, 0x6B, 0x00,
    0x5A, 0xAE, 0x6B, 0x00, 0x5A, 0xAE, 0x6B, 0x00, 0x5A, 0xAE, 0x6B, 0xFF, 0x5A, 0xAE, 0x6B, 0xFF,
    0x5A, 0xAE, 0x6B, 0xFF, 0x5A, 0xAE, 0x6B, 0x00, 0x5A, 0xAE, 0x6B, 0x00, 0x5A, 0xAE, 0x6B, 0x00,
    0x5A, 0xAE, 0x6B, 0x00, 0x5A, 0xAE, 0x6B, 0x00, 0x5A, 0xAE, 0x6B, 0x00, 0x5A, 0xAE, 0x6B, 0x00,
    0x5A, 0xAE, 0x6B, 0x00, 0x5A, 0xAE, 0x6B, 0x00, 0x5A, 0xAE, 0x6B, 0x00, 0x5A, 0xAE, 0x6B, 0x00,
    0x5A, 0xAE, 0x6B, 0x00, 0x5A, 0xAE, 0x6B, 0x00, 0x5A, 0xAE, 0x6B, 0x00, 0x5A, 0xAE, 0x6B, 0x00,
    0x5A, 0xAE, 0x6B, 0x00, 0x5A, 0xAE, 0x6B, 0x00, 0x5A, 0xAE, 0x6B, 0x00, 0x5A, 0xAE, 0x6B, 0x00,
    0x5A, 0xAE, 0x6B, 0x00, 0x5A, 0xAE, 0x6B, 0x00, 0x5A, 0xAE, 0x6B, 0x00, 0x5A, 0xAE, 0x6B, 0x00,
    0x5A, 0xAE, 0x6B, 0x00, 0x5A, 0xAE, 0x6B, 0x00, 0x5A, 0xAE, 0x6B, 0x00, 0x5A, 0xAE, 0x6B, 0x00,
    0x5A, 0xAE, 0x6B, 0x00, 0x5A, 0xAE, 0x6B, 0xFF, 0x5A, 0xAE, 0x6B, 0xFF, 0x5A, 0xAE, 0x6B, 0xFF,
    0x5A, 0xAE, 0x6B, 0x00, 0x5A, 0xAE, 0x6B, 0x00, 0x5A, 0xAE, 0x6B, 0x00, 0x5A, 0xAE, 0x6B, 0x00,
    0x5A, 0xAE, 0x6B, 0x00, 0x5A, 0xAE, 0x6B, 0x00, 0x5A, 0xAE, 0x6B, 0x00, 0x5A, 0xAE, 0x6B, 0x00,
    0x5A, 0xAE, 0x6B, 0x00, 0x5A, 0xAE, 0x6B, 0x00, 0x5A, 0xAE, 0x6B, 0x00, 0x5A, 0xAE, 0x6B, 0x00,
    0x5A, 0xAE, 0x6B, 0x00, 0x5A, 0xAE, 0x6B, 0x00, 0x5A, 0xAE, 0x6B, 0x00, 0x5A, 0xAE, 0x6B, 0x00,
    0x5A, 0xAE, 0x6B, 0x00, 0x5A, 0xAE, 0x6B, 0x00, 0x5A, 0xAE, 0x6B, 0x00, 0x5A, 0xAE, 0x6B, 0x00,
    0x5A, 0xAE, 0x6B, 0x00, 0x5A, 0xAE, 0x6B, 0x00, 0x5A, 0xAE, 0x6B, 0x00, 0x5A, 0xAE, 0x6B, 0x00,
    0x5A, 0xAE, 0x6B, 0x00, 0x5A, 0xAE, 0x6B, 0x00, 0x5A, 0xAE, 0x6B, 0x00, 0x5A, 0xAE, 0x6B, 0x00,
    0x5A, 0xAE, 0x6B, 0xFF, 0x5A, 0xAE, 0x6B, 0xFF, 0x5A, 0xAE, 0x6B, 0xFF, 0x5A, 0xAE, 0x6B, 0x00,
    0x5A, 0xAE, 0x6B, 0x00, 0x5A, 0xAE, 0x6B, 0x00, 0x5A, 0xAE, 0x6B, 0x00, 0x5A, 0xAE, 0x6B, 0x00,
    0x5A, 0xAE, 0x6B, 0x00, 0x5A, 0xAE, 0x6B, 0x00, 0x5A, 0xAE, 0x6B, 0x00, 0x5A, 0xAE, 0x6B, 0x00,
    0x5A, 0xAE, 0x6B, 0x00, 0x5A, 0xAE, 0x6B, 0x00, 0x5A, 0xAE, 0x6B, 0x00, 0x5A, 0xAE, 0x6B, 0x00,
    0x5A, 0xAE, 0x6B, 0x00, 0x5A, 0xAE, 0x6B, 0x00, 0x5A, 0xAE, 0x6B, 0x00, 0x5A, 0xAE, 0x6B, 0x00,
    0x5A, 0xAE, 0x6B, 0x00, 0x5A, 0xAE, 0x6B, 0x00, 0x5A, 0xAE, 0x6B, 0x00, 0x5A, 0xAE, 0x6B, 0x00,
    0x5A, 0xAE, 0x6B, 0x00, 0x5A, 0xAE, 0x6B, 0x00, 0x5A, 0xAE, 0x6B, 0x00, 0x5A, 0xAE, 0x6B, 0x00,
    0x5A, 0xAE, 0x6B, 0x00, 0x5A, 0xAE, 0x6B, 0x00, 0x5A, 0xAE, 0x6B, 0x00, 0x5A, 0xAE, 0x6B, 0xFF,
    0x5A, 0xAE, 0x6B, 0xFF, 0x5A, 0xAE, 0x6B, 0xFF, 0x5A, 0xAE, 0x6B, 0x00, 0x5A, 0xAE, 0x6B, 0x00,
    0x5A, 0xAE, 0x6B, 0x00, 0x5A, 0xAE, 0x6B, 0x00, 0x5A, 0xAE, 0x6B, 0x00, 0x5A, 0xAE, 0x6B, 0x00,
    0x5A, 0xAE, 0x6B, 0x00, 0x5A, 0xAE, 0x6B, 0x00, 0x5A, 0xAE, 0x6B, 0x00, 0x5A, 0xAE, 0x6B, 0x00,
    0x5A, 0xAE, 0x6B, 0x00, 0x5A, 0xAE, 0x6B, 0x00, 0x5A, 0xAE, 0x6B, 0x00, 0x5A, 0xAE, 0x6B, 0x00,
    0x5A, 0xAE, 0x6B, 0x00, 0x5A, 0xAE, 0x6B, 0x00, 0x5A, 0xAE, 0x6B, 0x00, 0x5A, 0xAE, 0x6B, 0x00,
    0x5A, 0xAE, 0x6B, 0x00, 0x5A, 0xAE, 0x6B, 0x00, 0x5A, 0xAE, 0x6B, 0x00, 0x5A, 0xAE, 0x6B, 0x00,
    0x5A, 0xAE, 0x6B, 0x00, 0x5A, 0xAE, 0x6B, 0x00, 0x5A, 0xAE, 0x6B, 0x00, 0x5A, 0xAE, 0x6B, 0x00,
    0x5A, 0xAE, 0x6B, 0x00, 0x5A, 0xAE, 0x6B, 0x00, 0x5A, 0xAE, 0x6B, 0xFF, 0x5A, 0xAE, 0x6B, 0xFF,
    0x5A, 0xAE, 0x6B, 0xFF, 0x5A, 0xAE, 0x6B, 0x00, 0x5A, 0xAE, 0x6B, 0x00, 0x5A, 0xAE, 0x6B, 0x00,
    0x5A, 0xAE, 0x6B, 0x00, 0x5A, 0xAE, 0x6B, 0x00, 0x5A, 0xAE, 0x6B, 0x00, 0x5A, 0xAE, 0x6B, 0x00,
    0x5A, 0xAE, 0x6B, 0x00, 0x5A, 0xAE, 0x6B, 0x00, 0x5A, 0xAE, 0x6B, 0x00, 0x5A, 0xAE, 0x6B, 0x00,
    0x5A, 0xAE, 0x6B, 0x00, 0x5A, 0xAE, 0x6B, 0x00, 0x5A, 0xAE, 0x6B, 0x00, 0x5A, 0xAE, 0x6B, 0x00,
    0x5A, 0xAE, 0x6B, 0x00, 0x5A, 0xAE, 0x6B, 0x00, 0x5A, 0xAE, 0x6B, 0x00, 0x5A, 0xAE, 0x6B, 0x00,
    0x5A, 0xAE, 0x6B, 0x00, 0x5A, 0xAE, 0x6B, 0x00, 0x5A, 0xAE, 0x6B, 0x00, 0x5A, 0xAE, 0x6B, 0x00,
    0x5A, 0xAE, 0x6B, 0x00, 0x5A, 0xAE, 0x6B, 0x00, 0x5A, 0xAE, 0x6B, 0x00, 0x5A, 0xAE, 0x6B, 0x00,
    0x5A, 0xAE, 0x6B, 0x00, 0x5A, 0xAE, 0x6B, 0xFF, 0x5A, 0xAE, 0x6B, 0xFF, 0x5A, 0xAE, 0x6B, 0xFF,
    0x5A, 0xAE, 0x6B, 0x00, 0x5A, 0xAE, 0x6B, 0x00, 0x5A, 0xAE, 0x6B, 0x00, 0x5A, 0xAE, 0x6B, 0x00,
    0x5A, 0xAE, 0x6B, 0x00, 0x5A, 0xAE, 0x6B, 0x00, 0x5A, 0xAE, 0x6B, 0x00, 0x5A, 0xAE, 0x6B, 0x00,
    0x5A, 0xAE, 0x6B, 0x00, 0x5A, 0xAE, 0x6B, 0x00, 0x5A, 0xAE, 0x6B, 0x00, 0x5A, 0xAE, 0x6B, 0x00,
    0x5A, 0xAE, 0x6B, 0x00, 0x5A, 0xAE, 0x6B, 0x00, 0x5A, 0xAE, 0x6B, 0x00, 0x5A, 0xAE, 0x6B, 0x00,
    0x5A, 0xAE, 0x6B, 0x00, 0x5A, 0xAE, 0x6B, 0x00, 0x5A, 0xAE, 0x6B, 0x00, 0x5A, 0xAE, 0x6B, 0x00,
    0x5A, 0xAE, 0x6B, 0x00, 0x5A, 0xAE, 0x6B, 0x00, 0x5A, 0xAE, 0x6B, 0x00, 0x5A, 0xAE, 0x6B, 0x00,
    0x5A, 0xAE, 0x6B, 0x00, 0x5A, 0xAE, 0x6B, 0x00, 0x5A, 0xAE, 0x6B, 0x00, 0x5A, 0xAE, 0x6B, 0x00,
    0x5A, 0xAE, 0x6B, 0xFF, 0x5A, 0xAE, 0x6B, 0xFF, 0x5A, 0xAE, 0x6B, 0xFF, 0x5A, 0xAE, 0x6B, 0x00,
    0x5A, 0xAE, 0x6B, 0x00, 0x5A, 0xAE, 0x6B, 0x00, 0x5A, 0xAE, 0x6B, 0x00, 0x5A, 0xAE, 0x6B, 0x00,
    0x5A, 0xAE, 0x6B, 0x00, 0x5A, 0xAE, 0x6B, 0x00, 0x5A, 0xAE, 0x6B, 0x00, 0x5A, 0xAE, 0x6B, 0x00,
    0x5A, 0xAE, 0x6B, 0x00, 0x5A, 0xAE, 0x6B, 0x00, 0x5A, 0xAE, 0x6B, 0x00, 0x5A, 0xAE, 0x6B, 0x00,
    0x5A, 0xAE, 0x6B, 0x00, 0x5A, 0xAE, 0x6B, 0x00, 0x5A, 0xAE, 0x6B, 0x00, 0x5A, 0xAE, 0x6B, 0x00,
    0x5A, 0xAE, 0x6B, 0x00, 0x5A, 0xAE, 0x6B, 0x00, 0x5A, 0xAE, 0x6B, 0x00, 0x5A, 0xAE, 0x6B, 0x00,
    0x5A, 0xAE, 0x6B, 0x00, 0x5A, 0xAE, 0x6B, 0x00, 0x5A, 0xAE, 0x6B, 0x00, 0x5A, 0xAE, 0x6B, 0x00,
    0x5A, 0xAE, 0x6B, 0x00, 0x5A, 0xAE, 0x6B, 0x00, 0x5A, 0xAE, 0x6B, 0x00, 0x5A, 0xAE, 0x6B, 0xFF,
    0x5A, 0xAE, 0x6B, 0xFF, 0x5A, 0xAE, 0x6B, 0xFF, 0x5A, 0xAE, 0x6B, 0x00, 0x5A, 0xAE, 0x6B, 0x00,
    0x5A, 0xAE, 0x6B, 0x00, 0x5A, 0xAE, 0x6B, 0x00, 0x5A, 0xAE, 0x6B, 0x00, 0x5A, 0xAE, 0x6B, 0x00,
    0x5A, 0xAE, 0x6B, 0x00, 0x5A, 0xAE, 0x6B, 0x00, 0x5A, 0xAE, 0x6B, 0x00, 0x5A, 0xAE, 0x6B, 0x00,
    0x5A, 0xAE, 0x6B, 0x00, 0x5A, 0xAE, 0x6B, 0x00, 0x5A, 0xAE, 0x6B, 0x00, 0x5A, 0xAE, 0x6B, 0x00,
    0x5A, 0xAE, 0x6B, 0x00, 0x5A, 0xAE, 0x6B, 0x00, 0x5A, 0xAE, 0x6B, 0x00, 0x5A, 0xAE, 0x6B, 0x00,
    0x5A, 0xAE, 0x6B, 0x00, 0x5A, 0xAE, 0x6B, 0x00, 0x5A, 0xAE, 0x6B, 0x00, 0x5A, 0xAE, 0x6B, 0x00,
    0x5A, 0xAE, 0x6B, 0x00, 0x5A, 0xAE, 0x6B, 0x00, 0x5A, 0xAE, 0x6B, 0x00, 0x5A, 0xAE, 0x6B, 0x00,
    0x5A, 0xAE, 0x6B, 0x00, 0x5A, 0xAE, 0x6B, 0x00, 0x5A, 0xAE, 0x6B, 0xFF, 0x5A, 0xAE, 0x6B, 0xFF,
    0x5A, 0xAE, 0x6B, 0xFF, 0x5A, 0xAE, 0x6B, 0x00, 0x5A, 0xAE, 0x6B, 0x00, 0x5A, 0xAE, 0x6B, 0x00,
    0x5A, 0xAE, 0x6B, 0x00, 0x5A, 0xAE, 0x6B, 0x00, 0x5A, 0xAE, 0x6B, 0x00, 0x5A, 0xAE, 0x6B, 0x00,
    0x5A, 0xAE, 0x6B, 0x00, 0x5A, 0xAE, 0x6B, 0x00, 0x5A, 0xAE, 0x6B, 0x00, 0x5A, 0xAE, 0x6B, 0x00,
    0x5A, 0xAE, 0x6B, 0x00, 0x5A, 0xAE, 0x6B, 0x00, 0x5A, 0xAE, 0x6B, 0x00, 0x5A, 0xAE, 0x6B, 0x00,
    0x5A, 0xAE, 0x6B, 0x00, 0x5A, 0xAE, 0x6B, 0x00, 0x5A, 0xAE, 0x6B, 0x00, 0x5A, 0xAE, 0x6B, 0x00,
    0x5A, 0xAE, 0x6B, 0x00, 0x5A, 0xAE, 0x6B, 0x00, 0x5A, 0xAE, 0x6B, 0x00, 0x5A, 0xAE, 0x6B, 0x00,
    0x5A, 0xAE, 0x6B, 0x00, 0x5A, 0xAE, 0x6B, 0x00, 0x5A, 0xAE, 0x6B, 0x00, 0x5A, 0xAE, 0x6B, 0x00,
    0x5A, 0xAE, 0x6B, 0x00, 0x5A, 0xAE, 0x6B, 0xFF, 0x5A, 0xAE, 0x6B, 0xFF, 0x5A, 0xAE, 0x6B, 0xFF,
    0x5A, 0xAE, 0x6B, 0x00, 0x5A, 0xAE, 0x6B, 0x00, 0x5A, 0xAE, 0x6B, 0x00, 0x5A, 0xAE, 0x6B, 0x00,
    0x5A, 0xAE, 0x6B, 0x00, 0x5A, 0xAE, 0x6B, 0x00, 0x5A, 0xAE, 0x6B, 0x00, 0x5A, 0xAE, 0x6B, 0x00,
    0x5A, 0xAE, 0x6B, 0x00, 0x5A, 0xAE, 0x6B, 0x00, 0x5A, 0xAE, 0x6B, 0x00, 0x5A, 0xAE, 0x6B, 0x00,
    0x5A, 0xAE, 0x6B, 0x00, 0x5A, 0xAE, 0x6B, 0x00, 0x5A, 0xAE, 0x6B, 0x00, 0x5A, 0xAE, 0x6B, 0x00,
    0x5A, 0xAE, 0x6B, 0x00, 0x5A, 0xAE, 0x6B, 0x00, 0x5A, 0xAE, 0x6B, 0x00, 0x5A, 0xAE, 0x6B, 0x00,
    0x5A, 0xAE, 0x6B, 0x00, 0x5A, 0xAE, 0x6B, 0x00, 0x5A, 0xAE, 0x6B, 0x00, 0x5A, 0xAE, 0x6B, 0x00,
    0x5A, 0xAE, 0x6B, 0x00, 0x5A, 0xAE, 0x6B, 0x00, 0x5A, 0xAE, 0x6B, 0x00, 0x5A, 0xAE, 0x6B, 0x00,
    0x5A, 0xAE, 0x6B, 0xFF, 0x5A, 0xAE, 0x6B, 0xFF, 0x5A, 0xAE, 0x6B, 0xFF, 0x5A, 0xAE, 0x6B, 0x00,
    0x5A, 0xAE, 0x6B, 0x00, 0x5A, 0xAE, 0x6B, 0x00, 0x5A, 0xAE, 0x6B, 0x00, 0x5A, 0xAE, 0x6B, 0x00,
    0x5A, 0xAE, 0x6B, 0x00, 0x5A, 0xAE, 0x6B, 0x00, 0x5A, 0xAE, 0x6B, 0x00, 0x5A, 0xAE, 0x6B, 0x00,
    0x5A, 0xAE, 0x6B, 0x00, 0x5A, 0xAE, 0x6B, 0x00, 0x5A, 0xAE, 0x6B, 0x00, 0x5A, 0xAE, 0x6B, 0x00,
    0x5A, 0xAE, 0x6B, 0x00, 0x5A, 0xAE, 0x6B, 0x00, 0x5A, 0xAE, 0x6B, 0x00, 0x5A, 0xAE, 0x6B, 0x00,
    0x5A, 0xAE, 0x6B, 0x00, 0x5A, 0xAE, 0x6B, 0x00, 0x5A, 0xAE, 0x6B, 0x00, 0x5A, 0xAE, 0x6B, 0x00,
    0x5A, 0xAE, 0x6B, 0x00, 0x5A, 0xAE, 0x6B, 0x00, 0x5A, 0xAE, 0x6B, 0x00, 0x5A, 0xAE, 0x6B, 0x00,
    0x5A, 0xAE, 0x6B, 0x00, 0x5A, 0xAE, 0x6B, 0x00, 0x5A, 0xAE, 0x6B, 0x00, 0x5A, 0xAE, 0x6B, 0xFF,
    0x5A, 0xAE, 0x6B, 0xFF, 0x5A, 0xAE, 0x6B, 0xFF, 0x5A, 0xAE, 0x6B, 0x00, 0x5A, 0xAE, 0x6B, 0x00,
    0x5A, 0xAE, 0x6B, 0x00, 0x5A, 0xAE, 0x6B, 0x00, 0x5A, 0xAE, 0x6B, 0x00, 0x5A, 0xAE, 0x6B, 0x00,
    0x5A, 0xAE, 0x6B, 0x00, 0x5A, 0xAE, 0x6B, 0x00, 0x5A, 0xAE, 0x6B, 0x00, 0x5A, 0xAE, 0x6B, 0x00,
    0x5A, 0xAE, 0x6B, 0x00, 0x5A, 0xAE, 0x6B, 0x00, 0x5A, 0xAE, 0x6B, 0x00, 0x5A, 0xAE, 0x6B, 0x00,
    0x5A, 0xAE, 0x6B, 0x00, 0x5A, 0xAE, 0x6B, 0x00, 0x5A, 0xAE, 0x6B, 0x00, 0x5A, 0xAE, 0x6B, 0x00,
    0x5A, 0xAE, 0x6B, 0x00, 0x5A, 0xAE, 0x6B, 0x00, 0x5A, 0xAE, 0x6B, 0x00, 0x5A, 0xAE, 0x6B, 0x00,
    0x5A, 0xAE, 0x6B, 0x00, 0x5A, 0xAE, 0x6B, 0x00, 0x5A, 0xAE, 0x6B, 0x00, 0x5A, 0xAE, 0x6B, 0x00,
    0x5A, 0xAE, 0x6B, 0x00, 0x5A, 0xAE, 0x6B, 0x00, 0x5A, 0xAE, 0x6B, 0xFF, 0x5A, 0xAE, 0x6B, 0xFF,
    0x5A, 0xAE, 0x6B, 0xFF, 0x5A, 0xAE, 0x6B, 0x00, 0x5A, 0xAE, 0x6B, 0x00, 0x5A, 0xAE, 0x6B, 0x00,
    0x5A, 0xAE, 0x6B, 0x00, 0x5A, 0xAE, 0x6B, 0x00, 0x5A, 0xAE, 0x6B, 0x00, 0x5A, 0xAE, 0x6B, 0x00,
    0x5A, 0xAE, 0x6B, 0x00, 0x5A, 0xAE, 0x6B, 0x00, 0x5A, 0xAE, 0x6B, 0x00, 0x5A, 0xAE, 0x6B, 0x00,
    0x5A, 0xAE, 0x6B, 0x00, 0x5A, 0xAE, 0x6B, 0x00, 0x5A, 0xAE, 0x6B, 0x00, 0x5A, 0xAE, 0x6B, 0x00,
    0x5A, 0xAE, 0x6B, 0x00, 0x5A, 0xAE, 0x6B, 0x00, 0x5A, 0xAE, 0x6B, 0x00, 0x5A, 0xAE, 0x6B, 0x00,
    0x5A, 0xAE, 0x6B, 0x00, 0x5A, 0xAE, 0x6B, 0x00, 0x5A, 0xAE, 0x6B, 0x00, 0x5A, 0xAE, 0x6B, 0x00,
    0x5A, 0xAE, 0x6B, 0x00, 0x5A, 0xAE, 0x6B, 0x00, 0x5A, 0xAE, 0x6B, 0x00, 0x5A, 0xAE, 0x6B, 0x00,
    0x5A, 0xAE, 0x6B, 0x00, 0x5A, 0xAE, 0x6B, 0xFF, 0x5A, 0xAE, 0x6B, 0xFF, 0x5A, 0xAE, 0x6B, 0xFF,
    0x5A, 0xAE, 0x6B, 0x00, 0x5A, 0xAE, 0x6B, 0x00, 0x5A, 0xAE, 0x6B, 0x00, 0x5A, 0xAE, 0x6B, 0x00,
    0x5A, 0xAE, 0x6B, 0x00, 0x5A, 0xAE, 0x6B, 0x00, 0x5A, 0xAE, 0x6B, 0x00, 0x5A, 0xAE, 0x6B, 0x00,
    0x5A, 0xAE, 0x6B, 0x00, 0x5A, 0xAE, 0x6B, 0x00, 0x5A, 0xAE, 0x6B, 0x00, 0x5A, 0xAE, 0x6B, 0x00,
    0x5A, 0xAE, 0x6B, 0x00, 0x5A, 0xAE, 0x6B, 0x00, 0x5A, 0xAE, 0x6B, 0x00, 0x5A, 0xAE, 0x6B, 0x00,
    0x5A, 0xAE, 0x6B, 0x00, 0x5A, 0xAE, 0x6B, 0x00, 0x5A, 0xAE, 0x6B, 0x00, 0x5A, 0xAE, 0x6B, 0x00,
    0x5A, 0xAE, 0x6B, 0x00, 0x5A, 0xAE, 0x6B, 0x00, 0x5A, 0xAE, 0x6B, 0x00, 0x5A, 0xAE, 0x6B, 0x00,
    0x5A, 0xAE, 0x6B, 0x00, 0x5A, 0xAE, 0x6B, 0x00, 0x5A, 0xAE, 0x6B, 0x00, 0x5A, 0xAE, 0x6B, 0x00,
    0x5A, 0xAE, 0x6B, 0xFF, 0x5A, 0xAE, 0x6B, 0xFF, 0x5A, 0xAE, 0x6B, 0xFF, 0x5A, 0xAE, 0x6B, 0x00,
    0x5A, 0xAE, 0x6B, 0x00, 0x5A, 0xAE, 0x6B, 0x00, 0x5A, 0xAE, 0x6B, 0x00, 0x5A, 0xAE, 0x6B, 0x00,
    0x5A, 0xAE, 0x6B, 0x00, 0x5A, 0xAE, 0x6B, 0x00, 0x5A, 0xAE, 0x6B, 0x00, 0x5A, 0xAE, 0x6B, 0x00,
    0x5A, 0xAE, 0x6B, 0x00, 0x5A, 0xAE, 0x6B, 0x00, 0x5A, 0xAE, 0x6B, 0x00, 0x5A, 0xAE, 0x6B, 0x00,
    0x5A, 0xAE, 0x6B, 0x00, 0x5A, 0xAE, 0x6B, 0x00, 0x5A, 0xAE, 0x6B, 0x00, 0x5A, 0xAE, 0x6B, 0x00,
    0x5A, 0xAE, 0x6B, 0x00, 0x5A, 0xAE, 0x6B, 0x00, 0x5A, 0xAE, 0x6B, 0x00, 0x5A, 0xAE, 0x6B, 0x00,
    0x5A, 0xAE, 0x6B, 0x00, 0x5A, 0xAE, 0x6B, 0x00, 0x5A, 0xAE, 0x6B, 0x00, 0x5A, 0xAE, 0x6B, 0x00,
    0x5A, 0xAE, 0x6B, 0x00, 0x5A, 0xAE, 0x6B, 0x00, 0x5A, 0xAE, 0x6B, 0x00, 0x5A, 0xAE, 0x6B, 0xFF,
    0x5A, 0xAE, 0x6B, 0xFF, 0x5A, 0xAE, 0x6B, 0xFF, 0x5A, 0xAE, 0x6B, 0x00, 0x5A, 0xAE, 0x6B, 0x00,
    0x5A, 0xAE, 0x6B, 0x00, 0x5A, 0xAE, 0x6B, 0x00, 0x5A, 0xAE, 0x6B, 0x00, 0x5A, 0xAE, 0x6B, 0x00,
    0x5A, 0xAE, 0x6B, 0x00, 0x5A, 0xAE, 0x6B, 0x00, 0x5A, 0xAE, 0x6B, 0x00, 0x5A, 0xAE, 0x6B, 0x00,
    0x5A, 0xAE, 0x6B, 0x00, 0x5A, 0xAE, 0x6B, 0x00, 0x5A, 0xAE, 0x6B, 0x00, 0x5A, 0xAE, 0x6B, 0x00,
    0x5A, 0xAE, 0x6B, 0x00, 0x5A, 0xAE, 0x6B, 0x00, 0x5A, 0xAE, 0x6B, 0x00, 0x5A, 0xAE, 0x6B, 0x00,
    0x5A, 0xAE, 0x6B, 0x00, 0x5A, 0xAE, 0x6B, 0x00, 0x5A, 0xAE, 0x6B, 0x00, 0x5A, 0xAE, 0x6B, 0x00,
    0x5A, 0xAE, 0x6B, 0x00, 0x5A, 0xAE, 0x6B, 0x00, 0x5A, 0xAE, 0x6B, 0x00, 0x5A, 0xAE, 0x6B, 0x00,
    0x5A, 0xAE, 0x6B, 0x00, 0x5A, 0xAE, 0x6B, 0x00, 0x5A, 0xAE, 0x6B, 0xFF, 0x5A, 0xAE, 0x6B, 0xFF,
    0x5A, 0xAE, 0x6B, 0xFF, 0x5A, 0xAE, 0x6B, 0x00, 0x5A, 0xAE, 0x6B, 0x00, 0x5A, 0xAE, 0x6B, 0x00,
    0x5A, 0xAE, 0x6B, 0x00, 0x5A, 0xAE, 0x6B, 0x00, 0x5A, 0xAE, 0x6B, 0x00, 0x5A, 0xAE, 0x6B, 0x00,
    0x5A, 0xAE, 0x6B, 0x00, 0x5A, 0xAE, 0x6B, 0x00, 0x5A, 0xAE, 0x6B, 0x00, 0x5A, 0xAE, 0x6B, 0x00,
    0x5A, 0xAE, 0x6B, 0x00, 0x5A, 0xAE, 0x6B, 0x00, 0x5A, 0xAE, 0x6B, 0x00, 0x5A, 0xAE, 0x6B, 0x00,
    0x5A, 0xAE, 0x6B, 0x00, 0x5A, 0xAE, 0x6B, 0x00, 0x5A, 0xAE, 0x6B, 0x00, 0x5A, 0xAE, 0x6B, 0x00,
    0x5A, 0xAE, 0x6B, 0x00, 0x5A, 0xAE, 0x6B, 0x00, 0x5A, 0xAE, 0x6B, 0x00, 0x5A, 0xAE, 0x6B, 0x00,
    0x5A, 0xAE, 0x6B, 0x00, 0x5A, 0xAE, 0x6B, 0x00, 0x5A, 0xAE, 0x6B, 0x00, 0x5A, 0xAE, 0x6B, 0x00,
    0x5A, 0xAE, 0x6B, 0x00, 0x5A, 0xAE, 0x6B, 0xFF, 0x5A, 0xAE, 0x6B, 0xFF, 0x5A, 0xAE, 0x6B, 0xFF,
    0x5A, 0xAE, 0x6B, 0x00, 0x5A, 0xAE, 0x6B, 0x00, 0x5A, 0xAE, 0x6B, 0x00, 0x5A, 0xAE, 0x6B, 0x00,
    0x5A, 0xAE, 0x6B, 0x00, 0x5A, 0xAE, 0x6B, 0x00, 0x5A, 0xAE, 0x6B, 0x00, 0x5A, 0xAE, 0x6B, 0x00,
    0x5A, 0xAE, 0x6B, 0x00, 0x5A, 0xAE, 0x6B, 0x00, 0x5A, 0xAE, 0x6B, 0x00, 0x5A, 0xAE, 0x6B, 0x00,
    0x5A, 0xAE, 0x6B, 0x00, 0x5A, 0xAE, 0x6B, 0x00, 0x5A, 0xAE, 0x6B, 0x00, 0x5A, 0xAE, 0x6B, 0x00,
    0x5A, 0xAE, 0x6B, 0x00, 0x5A, 0xAE, 0x6B, 0x00, 0x5A, 0xAE, 0x6B, 0x00, 0x5A, 0xAE, 0x6B, 0x00,
    0x5A, 0xAE, 0x6B, 0x00, 0x5A, 0xAE, 0x6B, 0x00, 0x5A, 0xAE, 0x6B, 0x00, 0x5A, 0xAE, 0x6B, 0x00,
    0x5A, 0xAE, 0x6B, 0x00, 0x5A, 0xAE, 0x6B, 0x00, 0x5A, 0xAE, 0x6B, 0x00, 0x5A, 0xAE, 0x6B, 0x00,
    0x5A, 0xAE, 0x6B, 0xFF, 0x5A, 0xAE, 0x6B, 0xFF, 0x5A, 0xAE, 0x6B, 0xFF, 0x5A, 0xAE, 0x6B, 0x00,
    0x5A, 0xAE, 0x6B, 0x00, 0x5A, 0xAE, 0x6B, 0x00, 0x5A, 0xAE, 0x6B, 0x00, 0x5A, 0xAE, 0x6B, 0x00,
    0x5A, 0xAE, 0x6B, 0x00, 0x5A, 0xAE, 0x6B, 0x00, 0x5A, 0xAE, 0x6B, 0x00, 0x5A, 0xAE, 0x6B, 0x00,
    0x5A, 0xAE, 0x6B, 0x00, 0x5A, 0xAE, 0x6B, 0x00, 0x5A, 0xAE, 0x6B, 0x00, 0x5A, 0xAE, 0x6B, 0x00,
    0x5A, 0xAE, 0x6B, 0x00, 0x5A, 0xAE, 0x6B, 0x00, 0x5A, 0xAE, 0x6B, 0x00, 0x5A, 0xAE, 0x6B, 0x00,
    0x5A, 0xAE, 0x6B, 0x00, 0x5A, 0xAE, 0x6B, 0x00, 0x5A, 0xAE, 0x6B, 0x00, 0x5A, 0xAE, 0x6B, 0x00,
    0x5A, 0xAE, 0x6B, 0x00, 0x5A, 0xAE, 0x6B, 0x00, 0x5A, 0xAE, 0x6B, 0x00, 0x5A, 0xAE, 0x6B, 0x00,
    0x5A, 0xAE, 0x6B, 0x00, 0x5A, 0xAE, 0x6B, 0x00, 0x5A, 0xAE, 0x6B, 0x00, 0x5A, 0xAE, 0x6B, 0xFF,
    0x5A, 0xAE, 0x6B, 0xFF, 0x5A, 0xAE, 0x6B, 0xFF, 0x5A, 0xAE, 0x6B, 0x00, 0x5A, 0xAE, 0x6B, 0x00,
    0x5A, 0xAE, 0x6B, 0x00, 0x5A, 0xAE, 0x6B, 0x00, 0x5A, 0xAE, 0x6B, 0x00, 0x5A, 0xAE, 0x6B, 0x00,
    0x5A, 0xAE, 0x6B, 0x00, 0x5A, 0xAE, 0x6B, 0x00, 0x5A, 0xAE, 0x6B, 0x00, 0x5A, 0xAE, 0x6B, 0x00,
    0x5A, 0xAE, 0x6B, 0x00, 0x5A, 0xAE, 0x6B, 0x00, 0x5A, 0xAE, 0x6B, 0x00, 0x5A, 0xAE, 0x6B, 0x00,
    0x5A, 0xAE, 0x6B, 0x00, 0x5A, 0xAE, 0x6B, 0x00, 0x5A, 0xAE, 0x6B, 0x00, 0x5A, 0xAE, 0x6B, 0x00,
    0x5A, 0xAE, 0x6B, 0x00, 0x5A, 0xAE, 0x6B, 0x00, 0x5A, 0xAE, 0x6B, 0x00, 0x5A, 0xAE, 0x6B, 0x00,
    0x5A, 0xAE, 0x6B, 0x00, 0x5A, 0xAE, 0x6B, 0x00, 0x5A, 0xAE, 0x6B, 0x00, 0x5A, 0xAE, 0x6B, 0x00,
    0x5A, 0xAE, 0x6B, 0x00, 0x5A, 0xAE, 0x6B, 0x00, 0x5A, 0xAE, 0x6B, 0xFF, 0x5A, 0xAE, 0x6B, 0xFF,
    0x5A, 0xAE, 0x6B, 0xFF, 0x5A, 0xAE, 0x6B, 0x00, 0x5A, 0xAE, 0x6B, 0x00, 0x5A, 0xAE, 0x6B, 0x00,
    0x5A, 0xAE, 0x6B, 0x00, 0x5A, 0xAE, 0x6B, 0x00, 0x5A, 0xAE, 0x6B, 0x00, 0x5A, 0xAE, 0x6B, 0x00,
    0x5A, 0xAE, 0x6B, 0x00, 0x5A, 0xAE, 0x6B, 0x00, 0x5A, 0xAE, 0x6B, 0x00, 0x5A, 0xAE, 0x6B, 0x00,
    0x5A, 0xAE, 0x6B, 0x00, 0x5A, 0xAE, 0x6B, 0x00, 0x5A, 0xAE, 0x6B, 0x00, 0x5A, 0xAE, 0x6B, 0x00,
    0x5A, 0xAE, 0x6B, 0x00, 0x5A, 0xAE, 0x6B, 0x00, 0x5A, 0xAE, 0x6B, 0x00, 0x5A, 0xAE, 0x6B, 0x00,
    0x5A, 0xAE, 0x6B, 0x00, 0x5A, 0xAE, 0x6B, 0x00, 0x5A, 0xAE, 0x6B, 0x00, 0x5A, 0xAE, 0x6B, 0x00,
    0x5A, 0xAE, 0x6B, 0x00, 0x5A, 0xAE, 0x6B, 0x00, 0x5A, 0xAE, 0x6B, 0x00, 0x5A, 0xAE, 0x6B, 0x00,
    0x5A, 0xAE, 0x6B, 0x00, 0x5A, 0xAE, 0x6B, 0xFF, 0x5A, 0xAE, 0x6B, 0xFF, 0x5A, 0xAE, 0x6B, 0xFF,
    0x5A, 0xAE, 0x6B, 0x00, 0x5A, 0xAE, 0x6B, 0x00, 0x5A, 0xAE, 0x6B, 0x00, 0x5A, 0xAE, 0x6B, 0x00,
    0x5A, 0xAE, 0x6B, 0x00, 0x5A, 0xAE, 0x6B, 0x00, 0x5A, 0xAE, 0x6B, 0x00, 0x5A, 0xAE, 0x6B, 0x00,
    0x5A, 0xAE, 0x6B, 0x00, 0x5A, 0xAE, 0x6B, 0x00, 0x5A, 0xAE, 0x6B, 0x00, 0x5A, 0xAE, 0x6B, 0x00,
    0x5A, 0xAE, 0x6B, 0x00, 0x5A, 0xAE, 0x6B, 0x00, 0x5A, 0xAE, 0x6B, 0x00, 0x5A, 0xAE, 0x6B, 0x00,
    0x5A, 0xAE, 0x6B, 0x00, 0x5A, 0xAE, 0x6B, 0x00, 0x5A, 0xAE, 0x6B, 0x00, 0x5A, 0xAE, 0x6B, 0x00,
    0x5A, 0xAE, 0x6B, 0x00, 0x5A, 0xAE, 0x6B, 0x00, 0x5A, 0xAE, 0x6B, 0x00, 0x5A, 0xAE, 0x6B, 0x00,
    0x5A, 0xAE, 0x6B, 0x00, 0x5A, 0xAE, 0x6B, 0x00, 0x5A, 0xAE, 0x6B, 0x00, 0x5A, 0xAE, 0x6B, 0x00,
    0x5A, 0xAE, 0x6B, 0xFF, 0x5A, 0xAE, 0x6B, 0xFF, 0x5A, 0xAE, 0x6B, 0xFF, 0x5A, 0xAE, 0x6B, 0x00,
    0x5A, 0xAE, 0x6B, 0x00, 0x5A, 0xAE, 0x6B, 0x00, 0x5A, 0xAE, 0x6B, 0x00, 0x5A, 0xAE, 0x6B, 0x00,
    0x5A, 0xAE, 0x6B, 0x00, 0x5A, 0xAE, 0x6B, 0x00, 0x5A, 0xAE, 0x6B, 0x00, 0x5A, 0xAE, 0x6B, 0x00,
    0x5A, 0xAE, 0x6B, 0x00, 0x5A, 0xAE, 0x6B, 0x00, 0x5A, 0xAE, 0x6B, 0x00, 0x5A, 0xAE, 0x6B, 0x00,
    0x5A, 0xAE, 0x6B, 0x00, 0x5A, 0xAE, 0x6B, 0x00, 0x5A, 0xAE, 0x6B, 0x00, 0x5A, 0xAE, 0x6B, 0x00,
    0x5A, 0xAE, 0x6B, 0x00, 0x5A, 0xAE, 0x6B, 0x00, 0x5A, 0xAE, 0x6B, 0x00, 0x5A, 0xAE, 0x6B, 0x00,
    0x5A, 0xAE, 0x6B, 0x00, 0x5A, 0xAE, 0x6B, 0x00, 0x5A, 0xAE, 0x6B, 0x00, 0x5A, 0xAE, 0x6B, 0x00,
    0x5A, 0xAE, 0x6B, 0x00, 0x5A, 0xAE, 0x6B, 0x00, 0x5A, 0xAE, 0x6B, 0x00, 0x5A, 0xAE, 0x6B, 0xFF,
    0x5A, 0xAE, 0x6B, 0xFF, 0x5A, 0xAE, 0x6B, 0xFF, 0x5A, 0xAE, 0x6B, 0x00, 0x5A, 0xAE, 0x6B, 0x00,
    0x5A, 0xAE, 0x6B, 0x00, 0x5A, 0xAE, 0x6B, 0x00, 0x5A, 0xAE, 0x6B, 0x00, 0x5A, 0xAE, 0x6B, 0x00,
    0x5A, 0xAE, 0x6B, 0x00, 0x5A, 0xAE, 0x6B, 0x00, 0x5A, 0xAE, 0x6B, 0x00, 0x5A, 0xAE, 0x6B, 0x00,
    0x5A, 0xAE, 0x6B, 0x00, 0x5A, 0xAE, 0x6B, 0x00, 0x5A, 0xAE, 0x6B, 0x00, 0x5A, 0xAE, 0x6B, 0x00,
    0x5A, 0xAE, 0x6B, 0x00, 0x5A, 0xAE, 0x6B, 0x00, 0x5A, 0xAE, 0x6B, 0x00, 0x5A, 0xAE, 0x6B, 0x00,
    0x5A, 0xAE, 0x6B, 0x00, 0x5A, 0xAE, 0x6B, 0x00, 0x5A, 0xAE, 0x6B, 0x00, 0x5A, 0xAE, 0x6B, 0x00,
    0x5A, 0xAE, 0x6B, 0x00, 0x5A, 0xAE, 0x6B, 0x00, 0x5A, 0xAE, 0x6B, 0x00, 0x5A, 0xAE, 0x6B, 0x00,
    0x5A, 0xAE, 0x6B, 0x00, 0x5A, 0xAE, 0x6B, 0x00, 0x5A, 0xAE, 0x6B, 0xFF, 0x5A, 0xAE, 0x6B, 0xFF,
    0x5A, 0xAE, 0x6B, 0xFF, 0x5A, 0xAE, 0x6B, 0x00, 0x5A, 0xAE, 0x6B, 0x00, 0x5A, 0xAE, 0x6B, 0x00,
    0x5A, 0xAE, 0x6B, 0x00, 0x5A, 0xAE, 0x6B, 0x00, 0x5A, 0xAE, 0x6B, 0x00, 0x5A, 0xAE, 0x6B, 0x00,
    0x5A, 0xAE, 0x6B, 0x00, 0x5A, 0xAE, 0x6B, 0x00, 0x5A, 0xAE, 0x6B, 0x00, 0x5A, 0xAE, 0x6B, 0x00,
    0x5A, 0xAE, 0x6B, 0x00, 0x5A, 0xAE, 0x6B, 0x00, 0x5A, 0xAE, 0x6B, 0x00, 0x5A, 0xAE, 0x6B, 0x00,
    0x5A, 0xAE, 0x6B, 0x00, 0x5A, 0xAE, 0x6B, 0x00, 0x5A, 0xAE, 0x6B, 0x00, 0x5A, 0xAE, 0x6B, 0x00,
    0x5A, 0xAE, 0x6B, 0x00, 0x5A, 0xAE, 0x6B, 0x00, 0x5A, 0xAE, 0x6B, 0x00, 0x5A, 0xAE, 0x6B, 0x00,
    0x5A, 0xAE, 0x6B, 0x00, 0x5A, 0xAE, 0x6B, 0x00, 0x5A, 0xAE, 0x6B, 0x00, 0x5A, 0xAE, 0x6B, 0x00,
    0x5A, 0xAE, 0x6B, 0x00, 0x5A, 0xAE, 0x6B, 0xFF, 0x5A, 0xAE, 0x6B, 0xFF, 0x5A, 0xAE, 0x6B, 0xFF,
    0x5A, 0xAE, 0x6B, 0x00, 0x5A, 0xAE, 0x6B, 0x00, 0x5A, 0xAE, 0x6B, 0x00, 0x5A, 0xAE, 0x6B, 0x00,
    0x5A, 0xAE, 0x6B, 0x00, 0x5A, 0xAE, 0x6B, 0x00, 0x5A, 0xAE, 0x6B, 0x00, 0x5A, 0xAE, 0x6B, 0x00,
    0x5A, 0xAE, 0x6B, 0x00, 0x5A, 0xAE, 0x6B, 0x00, 0x5A, 0xAE, 0x6B, 0x00, 0x5A, 0xAE, 0x6B, 0x00,
    0x5A, 0xAE, 0x6B, 0x00, 0x5A, 0xAE, 0x6B, 0x00, 0x5A, 0xAE, 0x6B, 0x00, 0x5A, 0xAE, 0x6B, 0x00,
    0x5A, 0xAE, 0x6B, 0x00, 0x5A, 0xAE, 0x6B, 0x00, 0x5A, 0xAE, 0x6B, 0x00, 0x5A, 0xAE, 0x6B, 0x00,
    0x5A, 0xAE, 0x6B, 0x00, 0x5A, 0xAE, 0x6B, 0x00, 0x5A, 0xAE, 0x6B, 0x00, 0x5A, 0xAE, 0x6B, 0x00,
    0x5A, 0xAE, 0x6B, 0x00, 0x5A, 0xAE, 0x6B, 0x00, 0x5A, 0xAE, 0x6B, 0x00, 0x5A, 0xAE, 0x6B, 0x00,
    0x5A, 0xAE, 0x6B, 0xFF, 0x5A, 0xAE, 0x6B, 0xFF, 0x5A, 0xAE, 0x6B, 0xFF, 0x5A, 0xAE, 0x6B, 0x00,
    0x5A, 0xAE, 0x6B, 0x00, 0x5A, 0xAE, 0x6B, 0x00, 0x5A, 0xAE, 0x6B, 0x00, 0x5A, 0xAE, 0x6B, 0x00,
    0x5A, 0xAE, 0x6B, 0x00, 0x5A, 0xAE, 0x6B, 0x00, 0x5A, 0xAE, 0x6B, 0x00, 0x5A, 0xAE, 0x6B, 0x00,
    0x5A, 0xAE, 0x6B, 0x00, 0x5A, 0xAE, 0x6B, 0x00, 0x5A, 0xAE, 0x6B, 0x00, 0x5A, 0xAE, 0x6B, 0x00,
    0x5A, 0xAE, 0x6B, 0x00, 0x5A, 0xAE, 0x6B, 0x00, 0x5A, 0xAE, 0x6B, 0x00, 0x5A, 0xAE, 0x6B, 0x00,
    0x5A, 0xAE, 0x6B, 0x00, 0x5A, 0xAE, 0x6B, 0x00, 0x5A, 0xAE, 0x6B, 0x00, 0x5A, 0xAE, 0x6B, 0x00,
    0x5A, 0xAE, 0x6B, 0x00, 0x5A, 0xAE, 0x6B, 0x00, 0x5A, 0xAE, 0x6B, 0x00, 0x5A, 0xAE, 0x6B, 0x00,
    0x5A, 0xAE, 0x6B, 0x00, 0x5A, 0xAE, 0x6B, 0x00, 0x5A, 0xAE, 0x6B, 0x00, 0x5A, 0xAE, 0x6B, 0xFF,
    0x5A, 0xAE, 0x6B, 0xFF, 0x5A, 0xAE, 0x6B, 0xFF, 0x5A, 0xAE, 0x6B, 0x00, 0x5A, 0xAE, 0x6B, 0x00,
    0x5A, 0xAE, 0x6B, 0x00, 0x5A, 0xAE, 0x6B, 0x00, 0x5A, 0xAE, 0x6B, 0x00, 0x5A, 0xAE, 0x6B, 0x00,
    0x5A, 0xAE, 0x6B, 0x00, 0x5A, 0xAE, 0x6B, 0x00, 0x5A, 0xAE, 0x6B, 0x00, 0x5A, 0xAE, 0x6B, 0x00,
    0x5A, 0xAE, 0x6B, 0x00, 0x5A, 0xAE, 0x6B, 0x00, 0x5A, 0xAE, 0x6B, 0x00, 0x5A, 0xAE, 0x6B, 0x00,
    0x5A, 0xAE, 0x6B, 0x00, 0x5A, 0xAE, 0x6B, 0x00, 0x5A, 0xAE, 0x6B, 0x00, 0x5A, 0xAE, 0x6B, 0x00,
    0x5A, 0xAE, 0x6B, 0x00, 0x5A, 0xAE, 0x6B, 0x00, 0x5A, 0xAE, 0x6B, 0x00, 0x5A, 0xAE, 0x6B, 0x00,
    0x5A, 0xAE, 0x6B, 0x00, 0x5A, 0xAE, 0x6B, 0x00, 0x5A, 0xAE, 0x6B, 0x00, 0x5A, 0xAE, 0x6B, 0x00,
    0x5A, 0xAE, 0x6B, 0x00, 0x5A, 0xAE, 0x6B, 0x00, 0x5A, 0xAE, 0x6B, 0xFF, 0x5A, 0xAE, 0x6B, 0xFF,
    0x5A, 0xAE, 0x6B, 0xFF, 0x5A, 0xAE, 0x6B, 0x00, 0x5A, 0xAE, 0x6B, 0x00, 0x5A, 0xAE, 0x6B, 0x00,
    0x5A, 0xAE, 0x6B, 0x00, 0x5A, 0xAE, 0x6B, 0x00, 0x5A, 0xAE, 0x6B, 0x00, 0x5A, 0xAE, 0x6B, 0x00,
    0x5A, 0xAE, 0x6B, 0x00, 0x5A, 0xAE, 0x6B, 0x00, 0x5A, 0xAE, 0x6B, 0x00, 0x5A, 0xAE, 0x6B, 0x00,
    0x5A, 0xAE, 0x6B, 0x00, 0x5A, 0xAE, 0x6B, 0x00, 0x5A, 0xAE, 0x6B, 0x00, 0x5A, 0xAE, 0x6B, 0x00,
    0x5A, 0xAE, 0x6B, 0x00, 0x5A, 0xAE, 0x6B, 0x00, 0x5A, 0xAE, 0x6B, 0x00, 0x5A, 0xAE, 0x6B, 0x00,
    0x5A, 0xAE, 0x6B, 0x00, 0x5A, 0xAE, 0x6B, 0x00, 0x5A, 0xAE, 0x6B, 0x00, 0x5A, 0xAE, 0x6B, 0x00,
    0x5A, 0xAE, 0x6B, 0x00, 0x5A, 0xAE, 0x6B, 0x00, 0x5A, 0xAE, 0x6B, 0x00, 0x5A, 0xAE, 0x6B, 0x00,
    0x5A, 0xAE, 0x6B, 0x00, 0x5A, 0xAE, 0x6B, 0xFF, 0x5A, 0xAE, 0x6B, 0xFF, 0x5A, 0xAE, 0x6B, 0xFF,
    0x5A, 0xAE, 0x6B, 0x00, 0x5A, 0xAE, 0x6B, 0x00, 0x5A, 0xAE, 0x6B, 0x00, 0x5A, 0xAE, 0x6B, 0x00,
    0x5A, 0xAE, 0x6B, 0x00, 0x5A, 0xAE, 0x6B, 0x00, 0x5A, 0xAE, 0x6B, 0x00, 0x5A, 0xAE, 0x6B, 0x00,
    0x5A, 0xAE, 0x6B, 0x00, 0x5A, 0xAE, 0x6B, 0x00, 0x5A, 0xAE, 0x6B, 0x00, 0x5A, 0xAE, 0x6B, 0x00,
    0x5A, 0xAE, 0x6B, 0x00, 0x5A, 0xAE, 0x6B, 0x00, 0x5A, 0xAE, 0x6B, 0x00, 0x5A, 0xAE, 0x6B, 0x00,
    0x5A, 0xAE, 0x6B, 0x00, 0x5A, 0xAE, 0x6B, 0x00, 0x5A, 0xAE, 0x6B, 0x00, 0x5A, 0xAE, 0x6B, 0x00,
    0x5A, 0xAE, 0x6B, 0x00, 0x5A, 0xAE, 0x6B, 0x00, 0x5A, 0xAE, 0x6B, 0x00, 0x5A, 0xAE, 0x6B, 0x00,
    0x5A, 0xAE, 0x6B, 0x00, 0x5A, 0xAE, 0x6B, 0x00, 0x5A, 0xAE, 0x6B, 0x00, 0x5A, 0xAE, 0x6B, 0x00,
    0x5A, 0xAE, 0x6B, 0xFF, 0x5A, 0xAE, 0x6B, 0xFF, 0x5A, 0xAE, 0x6B, 0xFF, 0x5A, 0xAE, 0x6B, 0x00,
    0x5A, 0xAE, 0x6B, 0x00, 0x5A, 0xAE, 0x6B, 0x00, 0x5A, 0xAE, 0x6B, 0x00, 0x5A, 0xAE, 0x6B, 0x00,
    0x5A, 0xAE, 0x6B, 0x00, 0x5A, 0xAE, 0x6B, 0x00, 0x5A, 0xAE, 0x6B, 0x00, 0x5A, 0xAE, 0x6B, 0x00,
    0x5A, 0xAE, 0x6B, 0x00, 0x5A, 0xAE, 0x6B, 0x00, 0x5A, 0xAE, 0x6B, 0x00, 0x5A, 0xAE, 0x6B, 0x00,
    0x5A, 0xAE, 0x6B, 0x00, 0x5A, 0xAE, 0x6B, 0x00, 0x5A, 0xAE, 0x6B, 0x00, 0x5A, 0xAE, 0x6B, 0x00,
    0x5A, 0xAE, 0x6B, 0x00, 0x5A, 0xAE, 0x6B, 0x00, 0x5A, 0xAE, 0x6B, 0x00, 0x5A, 0xAE, 0x6B, 0x00,
    0x5A, 0xAE, 0x6B, 0x00, 0x5A, 0xAE, 0x6B, 0x00, 0x5A, 0xAE, 0x6B, 0x00, 0x5A, 0xAE, 0x6B, 0x00,
    0x5A, 0xAE, 0x6B, 0x00, 0x5A, 0xAE, 0x6B, 0x00, 0x5A, 0xAE, 0x6B, 0x00, 0x5A, 0xAE, 0x6B, 0xFF,
    0x5A, 0xAE, 0x6B, 0xFF, 0x5A, 0xAE, 0x6B, 0xFF, 0x5A, 0xAE, 0x6B, 0x00, 0x5A, 0xAE, 0x6B, 0x00,
    0x5A, 0xAE, 0x6B, 0x00, 0x5A, 0xAE, 0x6B, 0x00, 0x5A, 0xAE, 0x6B, 0x00, 0x5A, 0xAE, 0x6B, 0x00,
    0x5A, 0xAE, 0x6B, 0x00, 0x5A, 0xAE, 0x6B, 0x00, 0x5A, 0xAE, 0x6B, 0x00, 0x5A, 0xAE, 0x6B, 0x00,
    0x5A, 0xAE, 0x6B, 0x00, 0x5A, 0xAE, 0x6B, 0x00, 0x5A, 0xAE, 0x6B, 0x00, 0x5A, 0xAE, 0x6B, 0x00,
    0x5A, 0xAE, 0x6B, 0x00, 0x5A, 0xAE, 0x6B, 0x00, 0x5A, 0xAE, 0x6B, 0x00, 0x5A, 0xAE, 0x6B, 0x00,
    0x5A, 0xAE, 0x6B, 0x00, 0x5A, 0xAE, 0x6B, 0x00, 0x5A, 0xAE, 0x6B, 0x00, 0x5A, 0xAE, 0x6B, 0x00,
    0x5A, 0xAE, 0x6B, 0x00, 0x5A, 0xAE, 0x6B, 0x00, 0x5A, 0xAE, 0x6B, 0x00, 0x5A, 0xAE, 0x6B, 0x00,
    0x5A, 0xAE, 0x6B, 0x00, 0x5A, 0xAE, 0x6B, 0x00, 0x5A, 0xAE, 0x6B, 0xFF, 0x5A, 0xAE, 0x6B, 0xFF,
    0x5A, 0xAE, 0x6B, 0xFF, 0x5A, 0xAE, 0x6B, 0x00, 0x5A, 0xAE, 0x6B, 0x00, 0x5A, 0xAE, 0x6B, 0x00,
    0x5A, 0xAE, 0x6B, 0x00, 0x5A, 0xAE, 0x6B, 0x00, 0x5A, 0xAE, 0x6B, 0x00, 0x5A, 0xAE, 0x6B, 0x00,
    0x5A, 0xAE, 0x6B, 0x00, 0x5A, 0xAE, 0x6B, 0x00, 0x5A, 0xAE, 0x6B, 0x00, 0x5A, 0xAE, 0x6B, 0x00,
    0x5A, 0xAE, 0x6B, 0x00, 0x5A, 0xAE, 0x6B, 0x00, 0x5A, 0xAE, 0x6B, 0x00, 0x5A, 0xAE, 0x6B, 0x00,
    0x5A, 0xAE, 0x6B, 0x00, 0x5A, 0xAE, 0x6B, 0x00, 0x5A, 0xAE, 0x6B, 0x00, 0x5A, 0xAE, 0x6B, 0x00,
    0x5A, 0xAE, 0x6B, 0x00, 0x5A, 0xAE, 0x6B, 0x00, 0x5A, 0xAE, 0x6B, 0x00, 0x5A, 0xAE, 0x6B, 0x00,
    0x5A, 0xAE, 0x6B, 0x00, 0x5A, 0xAE, 0x6B, 0x00, 0x5A, 0xAE, 0x6B, 0x00, 0x5A, 0xAE, 0x6B, 0x00,
    0x5A, 0xAE, 0x6B, 0x00, 0x5A, 0xAE, 0x6B, 0xFF, 0x5A, 0xAE, 0x6B, 0xFF, 0x5A, 0xAE, 0x6B, 0xFF,
    0x5A, 0xAE, 0x6B, 0x00, 0x5A, 0xAE, 0x6B, 0x00, 0x5A, 0xAE, 0x6B, 0x00, 0x5A, 0xAE, 0x6B, 0x00,
    0x5A, 0xAE, 0x6B, 0x00, 0x5A, 0xAE, 0x6B, 0x00, 0x5A, 0xAE, 0x6B, 0x00, 0x5A, 0xAE, 0x6B, 0x00,
    0x5A, 0xAE, 0x6B, 0x00, 0x5A, 0xAE, 0x6B, 0x00, 0x5A, 0xAE, 0x6B, 0x00, 0x5A, 0xAE, 0x6B, 0x00,
    0x5A, 0xAE, 0x6B, 0x00, 0x5A, 0xAE, 0x6B, 0x00, 0x5A, 0xAE, 0x6B, 0x00, 0x5A, 0xAE, 0x6B, 0x00,
    0x5A, 0xAE, 0x6B, 0x00, 0x5A, 0xAE, 0x6B, 0x00, 0x5A, 0xAE, 0x6B, 0x00, 0x5A, 0xAE, 0x6B, 0x00,
    0x5A, 0xAE, 0x6B, 0x00, 0x5A, 0xAE, 0x6B, 0x00, 0x5A, 0xAE, 0x6B, 0x00, 0x5A, 0xAE, 0x6B, 0x00,
    0x5A, 0xAE, 0x6B, 0x00, 0x5A, 0xAE, 0x6B, 0x00, 0x5A, 0xAE, 0x6B, 0x00, 0x5A, 0xAE, 0x6B, 0x00,
    0x5A, 0xAE, 0x6B, 0xFF, 0x5A, 0xAE, 0x6B, 0xFF, 0x5A, 0xAE, 0x6B, 0xFF, 0x5A, 0xAE, 0x6B, 0x00,
    0x5A, 0xAE, 0x6B, 0x00, 0x5A, 0xAE, 0x6B, 0x00, 0x5A, 0xAE, 0x6B, 0x00, 0x5A, 0xAE, 0x6B, 0x00,
    0x5A, 0xAE, 0x6B, 0x00, 0x5A, 0xAE, 0x6B, 0x00, 0x5A, 0xAE, 0x6B, 0x00, 0x5A, 0xAE, 0x6B, 0x00,
    0x5A, 0xAE, 0x6B, 0x00, 0x5A, 0xAE, 0x6B, 0x00, 0x5A, 0xAE, 0x6B, 0x00, 0x5A, 0xAE, 0x6B, 0x00,
    0x5A, 0xAE, 0x6B, 0x00, 0x5A, 0xAE, 0x6B, 0x00, 0x5A, 0xAE, 0x6B, 0x00, 0x5A, 0xAE, 0x6B, 0x00,
    0x5A, 0xAE, 0x6B, 0x00, 0x5A, 0xAE, 0x6B, 0x00, 0x5A, 0xAE, 0x6B, 0x00, 0x5A, 0xAE, 0x6B, 0x00,
    0x5A, 0xAE, 0x6B, 0x00, 0x5A, 0xAE, 0x6B, 0x00, 0x5A, 0xAE, 0x6B, 0x00, 0x5A, 0xAE, 0x6B, 0x00,
    0x5A, 0xAE, 0x6B, 0x00, 0x5A, 0xAE, 0x6B, 0x00, 0x5A, 0xAE, 0x6B, 0x00, 0x5A, 0xAE, 0x6B, 0xFF,
    0x5A, 0xAE, 0x6B, 0xFF, 0x5A, 0xAE, 0x6B, 0xFF, 0x5A, 0xAE, 0x6B, 0x00, 0x5A, 0xAE, 0x6B, 0x00,
    0x5A, 0xAE, 0x6B, 0x00, 0x5A, 0xAE, 0x6B, 0x00, 0x5A, 0xAE, 0x6B, 0x00, 0x5A, 0xAE, 0x6B, 0x00,
    0x5A, 0xAE, 0x6B, 0x00, 0x5A, 0xAE, 0x6B, 0x00, 0x5A, 0xAE, 0x6B, 0x00, 0x5A, 0xAE, 0x6B, 0x00,
    0x5A, 0xAE, 0x6B, 0x00, 0x5A, 0xAE, 0x6B, 0x00, 0x5A, 0xAE, 0x6B, 0x00, 0x5A, 0xAE, 0x6B, 0x00,
    0x5A, 0xAE, 0x6B, 0x00, 0x5A, 0xAE, 0x6B, 0x00, 0x5A, 0xAE, 0x6B, 0x00, 0x5A, 0xAE, 0x6B, 0x00,
    0x5A, 0xAE, 0x6B, 0x00, 0x5A, 0xAE, 0x6B, 0x00, 0x5A, 0xAE, 0x6B, 0x00, 0x5A, 0xAE, 0x6B, 0x00,
    0x5A, 0xAE, 0x6B, 0x00, 0x5A, 0xAE, 0x6B, 0x00, 0x5A, 0xAE, 0x6B, 0x00, 0x5A, 0xAE, 0x6B, 0x00,
    0x5A, 0xAE, 0x6B, 0x00, 0x5A, 0xAE, 0x6B, 0x00, 0x5A, 0xAE, 0x6B, 0xFF, 0x5A, 0xAE, 0x6B, 0xFF,
    0x5A, 0xAE, 0x6B, 0xFF, 0x5A, 0xAE, 0x6B, 0x00, 0x5A, 0xAE, 0x6B, 0x00, 0x5A, 0xAE, 0x6B, 0x00,
    0x5A, 0xAE, 0x6B, 0x00, 0x5A, 0xAE, 0x6B, 0x00, 0x5A, 0xAE, 0x6B, 0x00, 0x5A, 0xAE, 0x6B, 0x00,
    0x5A, 0xAE, 0x6B, 0x00, 0x5A, 0xAE, 0x6B, 0x00, 0x5A, 0xAE, 0x6B, 0x00, 0x5A, 0xAE, 0x6B, 0x00,
    0x5A, 0xAE, 0x6B, 0x00, 0x5A, 0xAE, 0x6B, 0x00, 0x5A, 0xAE, 0x6B, 0x00, 0x5A, 0xAE, 0x6B, 0x00,
    0x5A, 0xAE, 0x6B, 0x00, 0x5A, 0xAE, 0x6B, 0x00, 0x5A, 0xAE, 0x6B, 0x00, 0x5A, 0xAE, 0x6B, 0x00,
    0x5A, 0xAE, 0x6B, 0x00, 0x5A, 0xAE, 0x6B, 0x00, 0x5A, 0xAE, 0x6B, 0x00, 0x5A, 0xAE, 0x6B, 0x00,
    0x5A, 0xAE, 0x6B, 0x00, 0x5A, 0xAE, 0x6B, 0x00, 0x5A, 0xAE, 0x6B, 0x00, 0x5A, 0xAE, 0x6B, 0x00,
    0x5A, 0xAE, 0x6B, 0x00, 0x5A, 0xAE, 0x6B, 0xFF, 0x5A, 0xAE, 0x6B, 0xFF, 0x5A, 0xAE, 0x6B, 0xFF,
    0x5A, 0xAE, 0x6B, 0x00, 0x5A, 0xAE, 0x6B, 0x00, 0x5A, 0xAE, 0x6B, 0x00, 0x5A, 0xAE, 0x6B, 0x00,
    0x5A, 0xAE, 0x6B, 0x00, 0x5A, 0xAE, 0x6B, 0x00, 0x5A, 0xAE, 0x6B, 0x00, 0x5A, 0xAE, 0x6B, 0x00,
    0x5A, 0xAE, 0x6B, 0x00, 0x5A, 0xAE, 0x6B, 0x00, 0x5A, 0xAE, 0x6B, 0x00, 0x5A, 0xAE, 0x6B, 0x00,
    0x5A, 0xAE, 0x6B, 0x00, 0x5A, 0xAE, 0x6B, 0x00, 0x5A, 0xAE, 0x6B, 0x00, 0x5A, 0xAE, 0x6B, 0x00,
    0x5A, 0xAE, 0x6B, 0x00, 0x5A, 0xAE, 0x6B, 0x00, 0x5A, 0xAE, 0x6B, 0x00, 0x5A, 0xAE, 0x6B, 0x00,
    0x5A, 0xAE, 0x6B, 0x00, 0x5A, 0xAE, 0x6B, 0x00, 0x5A, 0xAE, 0x6B, 0x00, 0x5A, 0xAE, 0x6B, 0x00,
    0x5A, 0xAE, 0x6B, 0x00, 0x5A, 0xAE, 0x6B, 0x00, 0x5A, 0xAE, 0x6B, 0x00, 0x5A, 0xAE, 0x6B, 0x00,
    0x5A, 0xAE, 0x6B, 0xFF, 0x5A, 0xAE, 0x6B, 0xFF, 0x5A, 0xAE, 0x6B, 0xFF, 0x5A, 0xAE, 0x6B, 0x00,
    0x5A, 0xAE, 0x6B, 0x00, 0x5A, 0xAE, 0x6B, 0x00, 0x5A, 0xAE, 0x6B, 0x00, 0x5A, 0xAE, 0x6B, 0x00,
    0x5A, 0xAE, 0x6B, 0x00, 0x5A, 0xAE, 0x6B, 0x00, 0x5A, 0xAE, 0x6B, 0x00, 0x5A, 0xAE, 0x6B, 0x00,
    0x5A, 0xAE, 0x6B, 0x00, 0x5A, 0xAE, 0x6B, 0x00, 0x5A, 0xAE, 0x6B, 0x00, 0x5A, 0xAE, 0x6B, 0x00,
    0x5A, 0xAE, 0x6B, 0x00, 0x5A, 0xAE, 0x6B, 0x00, 0x5A, 0xAE, 0x6B, 0x00, 0x5A, 0xAE, 0x6B, 0x00,
    0x5A, 0xAE, 0x6B, 0x00, 0x5A, 0xAE, 0x6B, 0x00, 0x5A, 0xAE, 0x6B, 0x00, 0x5A, 0xAE, 0x6B, 0x00,
    0x5A, 0xAE, 0x6B, 0x00, 0x5A, 0xAE, 0x6B, 0x00, 0x5A, 0xAE, 0x6B, 0x00, 0x5A, 0xAE, 0x6B, 0x00,
    0x5A, 0xAE, 0x6B, 0x00, 0x5A, 0xAE, 0x6B, 0x00, 0x5A, 0xAE, 0x6B, 0x00, 0x5A, 0xAE, 0x6B, 0xFF,
    0x5A, 0xAE, 0x6B, 0xFF, 0x5A, 0xAE, 0x6B, 0xFF, 0x5A, 0xAE, 0x6B, 0x00, 0x5A, 0xAE, 0x6B, 0x00,
    0x5A, 0xAE, 0x6B, 0x00, 0x5A, 0xAE, 0x6B, 0x00, 0x5A, 0xAE, 0x6B, 0x00, 0x5A, 0xAE, 0x6B, 0x00,
    0x5A, 0xAE, 0x6B, 0x00, 0x5A, 0xAE, 0x6B, 0x00, 0x5A, 0xAE, 0x6B, 0x00, 0x5A, 0xAE, 0x6B, 0x00,
    0x5A, 0xAE, 0x6B, 0x00, 0x5A, 0xAE, 0x6B, 0x00, 0x5A, 0xAE, 0x6B, 0x00, 0x5A, 0xAE, 0x6B, 0x00,
    0x5A, 0xAE, 0x6B, 0x00, 0x5A, 0xAE, 0x6B, 0x00, 0x5A, 0xAE, 0x6B, 0x00, 0x5A, 0xAE, 0x6B, 0x00,
    0x5A, 0xAE, 0x6B, 0x00, 0x5A, 0xAE, 0x6B, 0x00, 0x5A, 0xAE, 0x6B, 0x00, 0x5A, 0xAE, 0x6B, 0x00,
    0x5A, 0xAE, 0x6B, 0x00, 0x5A, 0xAE, 0x6B, 0x00, 0x5A, 0xAE, 0x6B, 0x00, 0x5A, 0xAE, 0x6B, 0x00,
    0x5A, 0xAE, 0x6B, 0x00, 0x5A, 0xAE, 0x6B, 0x00, 0x5A, 0xAE, 0x6B, 0xFF, 0x5A, 0xAE, 0x6B, 0xFF,
    0x5A, 0xAE, 0x6B, 0xFF, 0x5A, 0xAE, 0x6B, 0x00, 0x5A, 0xAE, 0x6B, 0x00, 0x5A, 0xAE, 0x6B, 0x00,
    0x5A, 0xAE, 0x6B, 0x00, 0x5A, 0xAE, 0x6B, 0x00, 0x5A, 0xAE, 0x6B, 0x00, 0x5A, 0xAE, 0x6B, 0x00,
    0x5A, 0xAE, 0x6B, 0x00, 0x5A, 0xAE, 0x6B, 0x00, 0x5A, 0xAE, 0x6B, 0x00, 0x5A, 0xAE, 0x6B, 0x00,
    0x5A, 0xAE, 0x6B, 0x00, 0x5A, 0xAE, 0x6B, 0x00, 0x5A, 0xAE, 0x6B, 0x00, 0x5A, 0xAE, 0x6B, 0x00,
    0x5A, 0xAE, 0x6B, 0x00, 0x5A, 0xAE, 0x6B, 0x00, 0x5A, 0xAE, 0x6B, 0x00, 0x5A, 0xAE, 0x6B, 0x00,
    0x5A, 0xAE, 0x6B, 0x00, 0x5A, 0xAE, 0x6B, 0x00, 0x5A, 0xAE, 0x6B, 0x00, 0x5A, 0xAE, 0x6B, 0x00,
    0x5A, 0xAE, 0x6B, 0x00, 0x5A, 0xAE, 0x6B, 0x00, 0x5A, 0xAE, 0x6B, 0x00, 0x5A, 0xAE, 0x6B, 0x00,
    0x5A, 0xAE, 0x6B, 0x00, 0x5A, 0xAE, 0x6B, 0xFF, 0x5A, 0xAE, 0x6B, 0xFF, 0x5A, 0xAE, 0x6B, 0xFF,
    0x5A, 0xAE, 0x6B, 0x00, 0x5A, 0xAE, 0x6B, 0x00, 0x5A, 0xAE, 0x6B, 0x00, 0x5A, 0xAE, 0x6B, 0x00,
    0x5A, 0xAE, 0x6B, 0x00, 0x5A, 0xAE, 0x6B, 0x00, 0x5A, 0xAE, 0x6B, 0x00, 0x5A, 0xAE, 0x6B, 0x00,
    0x5A, 0xAE, 0x6B, 0x00, 0x5A, 0xAE, 0x6B, 0x00, 0x5A, 0xAE, 0x6B, 0x00, 0x5A, 0xAE, 0x6B, 0x00,
    0x5A, 0xAE, 0x6B, 0x00, 0x5A, 0xAE, 0x6B, 0x00, 0x5A, 0xAE, 0x6B, 0x00, 0x5A, 0xAE, 0x6B, 0x00,
    0x5A, 0xAE, 0x6B, 0x00, 0x5A, 0xAE, 0x6B, 0x00, 0x5A, 0xAE, 0x6B, 0x00, 0x5A, 0xAE, 0x6B, 0x00,
    0x5A, 0xAE, 0x6B, 0x00, 0x5A, 0xAE, 0x6B, 0x00, 0x5A, 0xAE, 0x6B, 0x00, 0x5A, 0xAE, 0x6B, 0x00,
    0x5A, 0xAE, 0x6B, 0x00, 0x5A, 0xAE, 0x6B, 0x00, 0x5A, 0xAE, 0x6B, 0x00, 0x5A, 0xAE, 0x6B, 0x00,
    0x5A, 0xAE, 0x6B, 0xFF, 0x5A, 0xAE, 0x6B, 0xFF, 0x5A, 0xAE, 0x6B, 0xFF, 0x5A, 0xAE, 0x6B, 0x00,
    0x5A, 0xAE, 0x6B, 0x00, 0x5A, 0xAE, 0x6B, 0x00, 0x5A, 0xAE, 0x6B, 0x00, 0x5A, 0xAE, 0x6B, 0x00,
    0x5A, 0xAE, 0x6B, 0x00, 0x5A, 0xAE, 0x6B, 0x00, 0x5A, 0xAE, 0x6B, 0x00, 0x5A, 0xAE, 0x6B, 0x00,
    0x5A, 0xAE, 0x6B, 0x00, 0x5A, 0xAE, 0x6B, 0x00, 0x5A, 0xAE, 0x6B, 0x00, 0x5A, 0xAE, 0x6B, 0x00,
    0x5A, 0xAE, 0x6B, 0x00, 0x5A, 0xAE, 0x6B, 0x00, 0x5A, 0xAE, 0x6B, 0x00, 0x5A, 0xAE, 0x6B, 0x00,
    0x5A, 0xAE, 0x6B, 0x00, 0x5A, 0xAE, 0x6B, 0x00, 0x5A, 0xAE, 0x6B, 0x00, 0x5A, 0xAE, 0x6B, 0x00,
    0x5A, 0xAE, 0x6B, 0x00, 0x5A, 0xAE, 0x6B, 0x00, 0x5A, 0xAE, 0x6B, 0x00, 0x5A, 0xAE, 0x6B, 0x00,
    0x5A, 0xAE, 0x6B, 0x00, 0x5A, 0xAE, 0x6B, 0x00, 0x5A, 0xAE, 0x6B, 0x00, 0x5A, 0xAE, 0x6B, 0xFF,
    0x5A, 0xAE, 0x6B, 0xFF, 0x5A, 0xAE, 0x6B, 0xFF, 0x5A, 0xAE, 0x6B, 0x00, 0x5A, 0xAE, 0x6B, 0x00,
    0x5A, 0xAE, 0x6B, 0x00, 0x5A, 0xAE, 0x6B, 0x00, 0x5A, 0xAE, 0x6B, 0x00, 0x5A, 0xAE, 0x6B, 0x00,
    0x5A, 0xAE, 0x6B, 0x00, 0x5A, 0xAE, 0x6B, 0x00, 0x5A, 0xAE, 0x6B, 0x00, 0x5A, 0xAE, 0x6B, 0x00,
    0x5A, 0xAE, 0x6B, 0x00, 0x5A, 0xAE, 0x6B, 0x00, 0x5A, 0xAE, 0x6B, 0x00, 0x5A, 0xAE, 0x6B, 0x00,
    0x5A, 0xAE, 0x6B, 0x00, 0x5A, 0xAE, 0x6B, 0x00, 0x5A, 0xAE, 0x6B, 0x00, 0x5A, 0xAE, 0x6B, 0x00,
    0x5A, 0xAE, 0x6B, 0x00, 0x5A, 0xAE, 0x6B, 0x00, 0x5A, 0xAE, 0x6B, 0x00, 0x5A, 0xAE, 0x6B, 0x00,
    0x5A, 0xAE, 0x6B, 0x00, 0x5A, 0xAE, 0x6B, 0x00, 0x5A, 0xAE, 0x6B, 0x00, 0x5A, 0xAE, 0x6B, 0x00,
    0x5A, 0xAE, 0x6B, 0x00, 0x5A, 0xAE, 0x6B, 0x00, 0x5A, 0xAE, 0x6B, 0xFF, 0x5A, 0xAE, 0x6B, 0xFF,
    0x5A, 0xAE, 0x6B, 0xFF, 0x5A, 0xAE, 0x6B, 0x00, 0x5A, 0xAE, 0x6B, 0x00, 0x5A, 0xAE, 0x6B, 0x00,
    0x5A, 0xAE, 0x6B, 0x00, 0x5A, 0xAE, 0x6B, 0x00, 0x5A, 0xAE, 0x6B, 0x00, 0x5A, 0xAE, 0x6B, 0x00,
    0x5A, 0xAE, 0x6B, 0x00, 0x5A, 0xAE, 0x6B, 0x00, 0x5A, 0xAE, 0x6B, 0x00, 0x5A, 0xAE, 0x6B, 0x00,
    0x5A, 0xAE, 0x6B, 0x00, 0x5A, 0xAE, 0x6B, 0x00, 0x5A, 0xAE, 0x6B, 0x00, 0x5A, 0xAE, 0x6B, 0x00,
    0x5A, 0xAE, 0x6B, 0x00, 0x5A, 0xAE, 0x6B, 0x00, 0x5A, 0xAE, 0x6B, 0x00, 0x5A, 0xAE, 0x6B, 0x00,
    0x5A, 0xAE, 0x6B, 0x00, 0x5A, 0xAE, 0x6B, 0x00, 0x5A, 0xAE, 0x6B, 0x00, 0x5A, 0xAE, 0x6B, 0x00,
    0x5A, 0xAE, 0x6B, 0x00, 0x5A, 0xAE, 0x6B, 0x00, 0x5A, 0xAE, 0x6B, 0x00, 0x5A, 0xAE, 0x6B, 0x00,
    0x5A, 0xAE, 0x6B, 0x00, 0x5A, 0xAE, 0x6B, 0xFF, 0x5A, 0xAE, 0x6B, 0xFF, 0x5A, 0xAE, 0x6B, 0xFF,
    0x5A, 0xAE, 0x6B, 0x00, 0x5A, 0xAE, 0x6B, 0x00, 0x5A, 0xAE, 0x6B, 0x00, 0x5A, 0xAE, 0x6B, 0x00,
    0x5A, 0xAE, 0x6B, 0x00, 0x5A, 0xAE, 0x6B, 0x00, 0x5A, 0xAE, 0x6B, 0x00, 0x5A, 0xAE, 0x6B, 0x00,
    0x5A, 0xAE, 0x6B, 0x00, 0x5A, 0xAE, 0x6B, 0x00, 0x5A, 0xAE, 0x6B, 0x00, 0x5A, 0xAE, 0x6B, 0x00,
    0x5A, 0xAE, 0x6B, 0x00, 0x5A, 0xAE, 0x6B, 0x00, 0x5A, 0xAE, 0x6B, 0x00, 0x5A, 0xAE, 0x6B, 0x00,
    0x5A, 0xAE, 0x6B, 0x00, 0x5A, 0xAE, 0x6B, 0x00, 0x5A, 0xAE, 0x6B, 0x00, 0x5A, 0xAE, 0x6B, 0x00,
    0x5A, 0xAE, 0x6B, 0x00, 0x5A, 0xAE, 0x6B, 0x00, 0x5A, 0xAE, 0x6B, 0x00, 0x5A, 0xAE, 0x6B, 0x00,
    0x5A, 0xAE, 0x6B, 0x00, 0x5A, 0xAE, 0x6B, 0x00, 0x5A, 0xAE, 0x6B, 0x00, 0x5A, 0xAE, 0x6B, 0x00,
    0x5A, 0xAE, 0x6B, 0xFF, 0x5A, 0xAE, 0x6B, 0xFF, 0x5A, 0xAE, 0x6B, 0xFF, 0x5A, 0xAE, 0x6B, 0x00,
    0x5A, 0xAE, 0x6B, 0x00, 0x5A, 0xAE, 0x6B, 0x00, 0x5A, 0xAE, 0x6B, 0x00, 0x5A, 0xAE, 0x6B, 0x00,
    0x5A, 0xAE, 0x6B, 0x00, 0x5A, 0xAE, 0x6B, 0x00, 0x5A, 0xAE, 0x6B, 0x00, 0x5A, 0xAE, 0x6B, 0x00,
    0x5A, 0xAE, 0x6B, 0x00, 0x5A, 0xAE, 0x6B, 0x00, 0x5A, 0xAE, 0x6B, 0x00, 0x5A, 0xAE, 0x6B, 0x00,
    0x5A, 0xAE, 0x6B, 0x00, 0x5A, 0xAE, 0x6B, 0x00, 0x5A, 0xAE, 0x6B, 0x00, 0x5A, 0xAE, 0x6B, 0x00,
    0x5A, 0xAE, 0x6B, 0x00, 0x5A, 0xAE, 0x6B, 0x00, 0x5A, 0xAE, 0x6B, 0x00, 0x5A, 0xAE, 0x6B, 0x00,
    0x5A, 0xAE, 0x6B, 0x00, 0x5A, 0xAE, 0x6B, 0x00, 0x5A, 0xAE, 0x6B, 0x00, 0x5A, 0xAE, 0x6B, 0x00,
    0x5A, 0xAE, 0x6B, 0x00, 0x5A, 0xAE, 0x6B, 0x00, 0x5A, 0xAE, 0x6B, 0x00, 0x5A, 0xAE, 0x6B, 0xFF,
    0x5A, 0xAE, 0x6B, 0xFF, 0x5A, 0xAE, 0x6B, 0xFF, 0x5A, 0xAE, 0x6B, 0x00, 0x5A, 0xAE, 0x6B, 0x00,
    0x5A, 0xAE, 0x6B, 0x00, 0x5A, 0xAE, 0x6B, 0x00, 0x5A, 0xAE, 0x6B, 0x00, 0x5A, 0xAE, 0x6B, 0x00,
    0x5A, 0xAE, 0x6B, 0x00, 0x5A, 0xAE, 0x6B, 0x00, 0x5A, 0xAE, 0x6B, 0x00, 0x5A, 0xAE, 0x6B, 0x00,
    0x5A, 0xAE, 0x6B, 0x00, 0x5A, 0xAE, 0x6B, 0x00, 0x5A, 0xAE, 0x6B, 0x00, 0x5A, 0xAE, 0x6B, 0x00,
    0x5A, 0xAE, 0x6B, 0x00, 0x5A, 0xAE, 0x6B, 0x00, 0x5A, 0xAE, 0x6B, 0x00, 0x5A, 0xAE, 0x6B, 0x00,
    0x5A, 0xAE, 0x6B, 0x00, 0x5A, 0xAE, 0x6B, 0x00, 0x5A, 0xAE, 0x6B, 0x00, 0x5A, 0xAE, 0x6B, 0x00,
    0x5A, 0xAE, 0x6B, 0x00, 0x5A, 0xAE, 0x6B, 0x00, 0x5A, 0xAE, 0x6B, 0x00, 0x5A, 0xAE, 0x6B, 0x00,
    0x5A, 0xAE, 0x6B, 0x00, 0x5A, 0xAE, 0x6B, 0x00, 0x5A, 0xAE, 0x6B, 0xFF, 0x5A, 0xAE, 0x6B, 0xFF,
    0x5A, 0xAE, 0x6B, 0xFF, 0x5A, 0xAE, 0x6B, 0x00, 0x5A, 0xAE, 0x6B, 0x00, 0x5A, 0xAE, 0x6B, 0x00,
    0x5A, 0xAE, 0x6B, 0x00, 0x5A, 0xAE, 0x6B, 0x00, 0x5A, 0xAE, 0x6B, 0x00, 0x5A, 0xAE, 0x6B, 0x00,
    0x5A, 0xAE, 0x6B, 0x00, 0x5A, 0xAE, 0x6B, 0x00, 0x5A, 0xAE, 0x6B, 0x00, 0x5A, 0xAE, 0x6B, 0x00,
    0x5A, 0xAE, 0x6B, 0x00, 0x5A, 0xAE, 0x6B, 0x00, 0x5A, 0xAE, 0x6B, 0x00, 0x5A, 0xAE, 0x6B, 0x00,
    0x5A, 0xAE, 0x6B, 0x00, 0x5A, 0xAE, 0x6B, 0x00, 0x5A, 0xAE, 0x6B, 0x00, 0x5A, 0xAE, 0x6B, 0x00,
    0x5A, 0xAE, 0x6B, 0x00, 0x5A, 0xAE, 0x6B, 0x00, 0x5A, 0xAE, 0x6B, 0x00, 0x5A, 0xAE, 0x6B, 0x00,
    0x5A, 0xAE, 0x6B, 0x00, 0x5A, 0xAE, 0x6B, 0x00, 0x5A, 0xAE, 0x6B, 0x00, 0x5A, 0xAE, 0x6B, 0x00,
    0x5A, 0xAE, 0x6B, 0x00, 0x5A, 0xAE, 0x6B, 0xFF, 0x5A, 0xAE, 0x6B, 0xFF, 0x5A, 0xAE, 0x6B, 0xFF,
    0x5A, 0xAE, 0x6B, 0x00, 0x5A, 0xAE, 0x6B, 0x00, 0x5A, 0xAE, 0x6B, 0x00, 0x5A, 0xAE, 0x6B, 0x00,
    0x5A, 0xAE, 0x6B, 0x00, 0x5A, 0xAE, 0x6B, 0x00, 0x5A, 0xAE, 0x6B, 0x00, 0x5A, 0xAE, 0x6B, 0x00,
    0x5A, 0xAE, 0x6B, 0x00, 0x5A, 0xAE, 0x6B, 0x00, 0x5A, 0xAE, 0x6B, 0x00, 0x5A, 0xAE, 0x6B, 0x00,
    0x5A, 0xAE, 0x6B, 0x00, 0x5A, 0xAE, 0x6B, 0x00, 0x5A, 0xAE, 0x6B, 0x00, 0x5A, 0xAE, 0x6B, 0x00,
    0x5A, 0xAE, 0x6B, 0x00, 0x5A, 0xAE, 0x6B, 0x00, 0x5A, 0xAE, 0x6B, 0x00, 0x5A, 0xAE, 0x6B, 0x00,
    0x5A, 0xAE, 0x6B, 0x00, 0x5A, 0xAE, 0x6B, 0x00, 0x5A, 0xAE, 0x6B, 0x00, 0x5A, 0xAE, 0x6B, 0x00,
    0x5A, 0xAE, 0x6B, 0x00, 0x5A, 0xAE, 0x6B, 0x00, 0x5A, 0xAE, 0x6B, 0x00, 0x5A, 0xAE, 0x6B, 0x00,
    0x5A, 0xAE, 0x6B, 0xFF, 0x5A, 0xAE, 0x6B, 0xFF, 0x5A, 0xAE, 0x6B, 0xFF, 0x5A, 0xAE, 0x6B, 0x00,
    0x5A, 0xAE, 0x6B, 0x00, 0x5A, 0xAE, 0x6B, 0x00, 0x5A, 0xAE, 0x6B, 0x00, 0x5A, 0xAE, 0x6B, 0x00,
    0x5A, 0xAE, 0x6B, 0x00, 0x5A, 0xAE, 0x6B, 0x00, 0x5A, 0xAE, 0x6B, 0x00, 0x5A, 0xAE, 0x6B, 0x00,
    0x5A, 0xAE, 0x6B, 0x00, 0x5A, 0xAE, 0x6B, 0x00, 0x5A, 0xAE, 0x6B, 0x00, 0x5A, 0xAE, 0x6B, 0x00,
    0x5A, 0xAE, 0x6B, 0x00, 0x5A, 0xAE, 0x6B, 0x00, 0x5A, 0xAE, 0x6B, 0x00, 0x5A, 0xAE, 0x6B, 0x00,
    0x5A, 0xAE, 0x6B, 0x00, 0x5A, 0xAE, 0x6B, 0x00, 0x5A, 0xAE, 0x6B, 0x00, 0x5A, 0xAE, 0x6B, 0x00,
    0x5A, 0xAE, 0x6B, 0x00, 0x5A, 0xAE, 0x6B, 0x00, 0x5A, 0xAE, 0x6B, 0x00, 0x5A, 0xAE, 0x6B, 0x00,
    0x5A, 0xAE, 0x6B, 0x00, 0x5A, 0xAE, 0x6B, 0x00, 0x5A, 0xAE, 0x6B, 0x00, 0x5A, 0xAE, 0x6B, 0xFF,
    0x5A, 0xAE, 0x6B, 0xFF, 0x5A, 0xAE, 0x6B, 0xFF, 0x5A, 0xAE, 0x6B, 0x00, 0x5A, 0xAE, 0x6B, 0x00,
    0x5A, 0xAE, 0x6B, 0x00, 0x5A, 0xAE, 0x6B, 0x00, 0x5A, 0xAE, 0x6B, 0x00, 0x5A, 0xAE, 0x6B, 0x00,
    0x5A, 0xAE, 0x6B, 0x00, 0x5A, 0xAE, 0x6B, 0x00, 0x5A, 0xAE, 0x6B, 0x00, 0x5A, 0xAE, 0x6B, 0x00,
    0x5A, 0xAE, 0x6B, 0x00, 0x5A, 0xAE, 0x6B, 0x00, 0x5A, 0xAE, 0x6B, 0x00, 0x5A, 0xAE, 0x6B, 0x00,
    0x5A, 0xAE, 0x6B, 0x00, 0x5A, 0xAE, 0x6B, 0x00, 0x5A, 0xAE, 0x6B, 0x00, 0x5A, 0xAE, 0x6B, 0x00,
    0x5A, 0xAE, 0x6B, 0x00, 0x5A, 0xAE, 0x6B, 0x00, 0x5A, 0xAE, 0x6B, 0x00, 0x5A, 0xAE, 0x6B, 0x00,
    0x5A, 0xAE, 0x6B, 0x00, 0x5A, 0xAE, 0x6B, 0x00, 0x5A, 0xAE, 0x6B, 0x00, 0x5A, 0xAE, 0x6B, 0x00,
    0x5A, 0xAE, 0x6B, 0x00, 0x5A, 0xAE, 0x6B, 0x00, 0x5A, 0xAE, 0x6B, 0xFF, 0x5A, 0xAE, 0x6B, 0xFF,
    0x5A, 0xAE, 0x6B, 0xFF, 0x5A, 0xAE, 0x6B, 0x00, 0x5A, 0xAE, 0x6B, 0x00, 0x5A, 0xAE, 0x6B, 0x00,
    0x5A, 0xAE, 0x6B, 0x00, 0x5A, 0xAE, 0x6B, 0x00, 0x5A, 0xAE, 0x6B, 0x00, 0x5A, 0xAE, 0x6B, 0x00,
    0x5A, 0xAE, 0x6B, 0x00, 0x5A, 0xAE, 0x6B, 0x00, 0x5A, 0xAE, 0x6B, 0x00, 0x5A, 0xAE, 0x6B, 0x00,
    0x5A, 0xAE, 0x6B, 0x00, 0x5A, 0xAE, 0x6B, 0x00, 0x5A, 0xAE, 0x6B, 0x00, 0x5A, 0xAE, 0x6B, 0x00,
    0x5A, 0xAE, 0x6B, 0x00, 0x5A, 0xAE, 0x6B, 0x00, 0x5A, 0xAE, 0x6B, 0x00, 0x5A, 0xAE, 0x6B, 0x00,
    0x5A, 0xAE, 0x6B, 0x00, 0x5A, 0xAE, 0x6B, 0x00, 0x5A, 0xAE, 0x6B, 0x00, 0x5A, 0xAE, 0x6B, 0x00,
    0x5A, 0xAE, 0x6B, 0x00, 0x5A, 0xAE, 0x6B, 0x00, 0x5A, 0xAE, 0x6B, 0x00, 0x5A, 0xAE, 0x6B, 0x00,
    0x5A, 0xAE, 0x6B, 0x00, 0x5A, 0xAE, 0x6B, 0xFF, 0x5A, 0xAE, 0x6B, 0xFF, 0x5A, 0xAE, 0x6B, 0xFF,
    0x5A, 0xAE, 0x6B, 0x00, 0x5A, 0xAE, 0x6B, 0x00, 0x5A, 0xAE, 0x6B, 0x00, 0x5A, 0xAE, 0x6B, 0x00,
    0x5A, 0xAE, 0x6B, 0x00, 0x5A, 0xAE, 0x6B, 0x00, 0x5A, 0xAE, 0x6B, 0x00, 0x5A, 0xAE, 0x6B, 0x00,
    0x5A, 0xAE, 0x6B, 0x00, 0x5A, 0xAE, 0x6B, 0x00, 0x5A, 0xAE, 0x6B, 0x00, 0x5A, 0xAE, 0x6B, 0x00,
    0x5A, 0xAE, 0x6B, 0x00, 0x5A, 0xAE, 0x6B, 0x00, 0x5A, 0xAE, 0x6B, 0x00, 0x5A, 0xAE, 0x6B, 0x00,
    0x5A, 0xAE, 0x6B, 0x00, 0x5A, 0xAE, 0x6B, 0x00, 0x5A, 0xAE, 0x6B, 0x00, 0x5A, 0xAE, 0x6B, 0x00,
    0x5A, 0xAE, 0x6B, 0x00, 0x5A, 0xAE, 0x6B, 0x00, 0x5A, 0xAE, 0x6B, 0x00, 0x5A, 0xAE, 0x6B, 0x00,
    0x5A, 0xAE, 0x6B, 0x00, 0x5A, 0xAE, 0x6B, 0x00, 0x5A, 0xAE, 0x6B, 0x00, 0x5A, 0xAE, 0x6B, 0x00,
    0x5A, 0xAE, 0x6B, 0xFF, 0x5A, 0xAE, 0x6B, 0xFF, 0x5A, 0xAE, 0x6B, 0xFF, 0x5A, 0xAE, 0x6B, 0x00,
    0x5A, 0xAE, 0x6B, 0x00, 0x5A, 0xAE, 0x6B, 0x00, 0x5A, 0xAE, 0x6B, 0x00, 0x5A, 0xAE, 0x6B, 0x00,
    0x5A, 0xAE, 0x6B, 0x00, 0x5A, 0xAE, 0x6B, 0x00, 0x5A, 0xAE, 0x6B, 0x00, 0x5A, 0xAE, 0x6B, 0x00,
    0x5A, 0xAE, 0x6B, 0x00, 0x5A, 0xAE, 0x6B, 0x00, 0x5A, 0xAE, 0x6B, 0x00, 0x5A, 0xAE, 0x6B, 0x00,
    0x5A, 0xAE, 0x6B, 0x00, 0x5A, 0xAE, 0x6B, 0x00, 0x5A, 0xAE, 0x6B, 0x00, 0x5A, 0xAE, 0x6B, 0x00,
    0x5A, 0xAE, 0x6B, 0x00, 0x5A, 0xAE, 0x6B, 0x00, 0x5A, 0xAE, 0x6B, 0x00, 0x5A, 0xAE, 0x6B, 0x00,
    0x5A, 0xAE, 0x6B, 0x00, 0x5A, 0xAE, 0x6B, 0x00, 0x5A, 0xAE, 0x6B, 0x00, 0x5A, 0xAE, 0x6B, 0x00,
    0x5A, 0xAE, 0x6B, 0x00, 0x5A, 0xAE, 0x6B, 0x00, 0x5A, 0xAE, 0x6B, 0x00, 0x5A, 0xAE, 0x6B, 0xFF,
    0x5A, 0xAE, 0x6B, 0xFF, 0x5A, 0xAE, 0x6B, 0xFF, 0x5A, 0xAE, 0x6B, 0x00, 0x5A, 0xAE, 0x6B, 0x00,
    0x5A, 0xAE, 0x6B, 0x00, 0x5A, 0xAE, 0x6B, 0x00, 0x5A, 0xAE, 0x6B, 0x00, 0x5A, 0xAE, 0x6B, 0x00,
    0x5A, 0xAE, 0x6B, 0x00, 0x5A, 0xAE, 0x6B, 0x00, 0x5A, 0xAE, 0x6B, 0x00, 0x5A, 0xAE, 0x6B, 0x00,
    0x5A, 0xAE, 0x6B, 0x00, 0x5A, 0xAE, 0x6B, 0x00, 0x5A, 0xAE, 0x6B, 0x00, 0x5A, 0xAE, 0x6B, 0x00,
    0x5A, 0xAE, 0x6B, 0x00, 0x5A, 0xAE, 0x6B, 0x00, 0x5A, 0xAE, 0x6B, 0x00, 0x5A, 0xAE, 0x6B, 0x00,
    0x5A, 0xAE, 0x6B, 0x00, 0x5A, 0xAE, 0x6B, 0x00, 0x5A, 0xAE, 0x6B, 0x00, 0x5A, 0xAE, 0x6B, 0x00,
    0x5A, 0xAE, 0x6B, 0x00, 0x5A, 0xAE, 0x6B, 0x00, 0x5A, 0xAE, 0x6B, 0x00, 0x5A, 0xAE, 0x6B, 0x00,
    0x5A, 0xAE, 0x6B, 0x00, 0x5A, 0xAE, 0x6B, 0x00, 0x5A, 0xAE, 0x6B, 0xFF, 0x5A, 0xAE, 0x6B, 0xFF,
    0x5A, 0xAE, 0x6B, 0xFF, 0x5A, 0xAE, 0x6B, 0x00, 0x5A, 0xAE, 0x6B, 0x00, 0x5A, 0xAE, 0x6B, 0x00,
    0x5A, 0xAE, 0x6B, 0x00, 0x5A, 0xAE, 0x6B, 0x00, 0x5A, 0xAE, 0x6B, 0x00, 0x5A, 0xAE, 0x6B, 0x00,
    0x5A, 0xAE, 0x6B, 0x00, 0x5A, 0xAE, 0x6B, 0x00, 0x5A, 0xAE, 0x6B, 0x00, 0x5A, 0xAE, 0x6B, 0x00,
    0x5A, 0xAE, 0x6B, 0x00, 0x5A, 0xAE, 0x6B, 0x00, 0x5A, 0xAE, 0x6B, 0x00, 0x5A, 0xAE, 0x6B, 0x00,
    0x5A, 0xAE, 0x6B, 0x00, 0x5A, 0xAE, 0x6B, 0x00, 0x5A, 0xAE, 0x6B, 0x00, 0x5A, 0xAE, 0x6B, 0x00,
    0x5A, 0xAE, 0x6B, 0x00, 0x5A, 0xAE, 0x6B, 0x00, 0x5A, 0xAE, 0x6B, 0x00, 0x5A, 0xAE, 0x6B, 0x00,
    0x5A, 0xAE, 0x6B, 0x00, 0x5A, 0xAE, 0x6B, 0x00, 0x5A, 0xAE, 0x6B, 0x00, 0x5A, 0xAE, 0x6B, 0x00,
    0x5A, 0xAE, 0x6B, 0x00, 0x5A, 0xAE, 0x6B, 0xFF, 0x5A, 0xAE, 0x6B, 0xFF, 0x5A, 0xAE, 0x6B, 0xFF,
    0x5A, 0xAE, 0x6B, 0x00, 0x5A, 0xAE, 0x6B, 0x00, 0x5A, 0xAE, 0x6B, 0x00, 0x5A, 0xAE, 0x6B, 0x00,
    0x5A, 0xAE, 0x6B, 0x00, 0x5A, 0xAE, 0x6B, 0x00, 0x5A, 0xAE, 0x6B, 0x00, 0x5A, 0xAE, 0x6B, 0x00,
    0x5A, 0xAE, 0x6B, 0x00, 0x5A, 0xAE, 0x6B, 0x00, 0x5A, 0xAE, 0x6B, 0x00, 0x5A, 0xAE, 0x6B, 0x00,
    0x5A, 0xAE, 0x6B, 0x00, 0x5A, 0xAE, 0x6B, 0x00, 0x5A, 0xAE, 0x6B, 0x00, 0x5A, 0xAE, 0x6B, 0x00,
    0x5A, 0xAE, 0x6B, 0x00, 0x5A, 0xAE, 0x6B, 0x00, 0x5A, 0xAE, 0x6B, 0x00, 0x5A, 0xAE, 0x6B, 0x00,
    0x5A, 0xAE, 0x6B, 0x00, 0x5A, 0xAE, 0x6B, 0x00, 0x5A, 0xAE, 0x6B, 0x00, 0x5A, 0xAE, 0x6B, 0x00,
    0x5A, 0xAE, 0x6B, 0x00, 0x5A, 0xAE, 0x6B, 0x00, 0x5A, 0xAE, 0x6B, 0x00, 0x5A, 0xAE, 0x6B, 0x00,
    0x5A, 0xAE, 0x6B, 0xFF, 0x5A, 0xAE, 0x6B, 0xFF, 0x5A, 0xAE, 0x6B, 0xFF, 0x5A, 0xAE, 0x6B, 0x00,
    0x5A, 0xAE, 0x6B, 0x00, 0x5A, 0xAE, 0x6B, 0x00, 0x5A, 0xAE, 0x6B, 0x00, 0x5A, 0xAE, 0x6B, 0x00,
    0x5A, 0xAE, 0x6B, 0x00, 0x5A, 0xAE, 0x6B, 0x00, 0x5A, 0xAE, 0x6B, 0x00, 0x5A, 0xAE, 0x6B, 0x00,
    0x5A, 0xAE, 0x6B, 0x00, 0x5A, 0xAE, 0x6B, 0x00, 0x5A, 0xAE, 0x6B, 0x00, 0x5A, 0xAE, 0x6B, 0x00,
    0x5A, 0xAE, 0x6B, 0x00, 0x5A, 0xAE, 0x6B, 0x00, 0x5A, 0xAE, 0x6B, 0x00, 0x5A, 0xAE, 0x6B, 0x00,
    0x5A, 0xAE, 0x6B, 0x00, 0x5A, 0xAE, 0x6B, 0x00, 0x5A, 0xAE, 0x6B, 0x00, 0x5A, 0xAE, 0x6B, 0x00,
    0x5A, 0xAE, 0x6B, 0x00, 0x5A, 0xAE, 0x6B, 0x00, 0x5A, 0xAE, 0x6B, 0x00, 0x5A, 0xAE, 0x6B, 0x00,
    0x5A, 0xAE, 0x6B, 0x00, 0x5A, 0xAE, 0x6B, 0x00, 0x5A, 0xAE, 0x6B, 0x00, 0x5A, 0xAE, 0x6B, 0xFF,
    0x5A, 0xAE, 0x6B, 0xFF, 0x5A, 0xAE, 0x6B, 0xFF, 0x5A, 0xAE, 0x6B, 0x00, 0x5A, 0xAE, 0x6B, 0x00,
    0x5A, 0xAE, 0x6B, 0x00, 0x5A, 0xAE, 0x6B, 0x00, 0x5A, 0xAE, 0x6B, 0x00, 0x5A, 0xAE, 0x6B, 0x00,
    0x5A, 0xAE, 0x6B, 0x00, 0x5A, 0xAE, 0x6B, 0x00, 0x5A, 0xAE, 0x6B, 0x00, 0x5A, 0xAE, 0x6B, 0x00,
    0x5A, 0xAE, 0x6B, 0x00, 0x5A, 0xAE, 0x6B, 0x00, 0x5A, 0xAE, 0x6B, 0x00, 0x5A, 0xAE, 0x6B, 0x00,
    0x5A, 0xAE, 0x6B, 0x00, 0x5A, 0xAE, 0x6B, 0x00, 0x5A, 0xAE, 0x6B, 0x00, 0x5A, 0xAE, 0x6B, 0x00,
    0x5A, 0xAE, 0x6B, 0x00, 0x5A, 0xAE, 0x6B, 0x00, 0x5A, 0xAE, 0x6B, 0x00, 0x5A, 0xAE, 0x6B, 0x00,
    0x5A, 0xAE, 0x6B, 0x00, 0x5A, 0xAE, 0x6B, 0x00, 0x5A, 0xAE, 0x6B, 0x00, 0x5A, 0xAE, 0x6B, 0x00,
    0x5A, 0xAE, 0x6B, 0x00, 0x5A, 0xAE, 0x6B, 0x00, 0x5A, 0xAE, 0x6B, 0xFF, 0x5A, 0xAE, 0x6B, 0xFF,
    0x5A, 0xAE, 0x6B, 0xFF, 0x5A, 0xAE, 0x6B, 0x00, 0x5A, 0xAE, 0x6B, 0x00, 0x5A, 0xAE, 0x6B, 0x00,
    0x5A, 0xAE, 0x6B, 0x00, 0x5A, 0xAE, 0x6B, 0x00, 0x5A, 0xAE, 0x6B, 0x00, 0x5A, 0xAE, 0x6B, 0x00,
    0x5A, 0xAE, 0x6B, 0x00, 0x5A, 0xAE, 0x6B, 0x00, 0x5A, 0xAE, 0x6B, 0x00, 0x5A, 0xAE, 0x6B, 0x00,
    0x5A, 0xAE, 0x6B, 0x00, 0x5A, 0xAE, 0x6B, 0x00, 0x5A, 0xAE, 0x6B, 0x00, 0x5A, 0xAE, 0x6B, 0x00,
    0x5A, 0xAE, 0x6B, 0x00, 0x5A, 0xAE, 0x6B, 0x00, 0x5A, 0xAE, 0x6B, 0x00, 0x5A, 0xAE, 0x6B, 0x00,
    0x5A, 0xAE, 0x6B, 0x00, 0x5A, 0xAE, 0x6B, 0x00, 0x5A, 0xAE, 0x6B, 0x00, 0x5A, 0xAE, 0x6B, 0x00,
    0x5A, 0xAE, 0x6B, 0x00, 0x5A, 0xAE, 0x6B, 0x00, 0x5A, 0xAE, 0x6B, 0x00, 0x5A, 0xAE, 0x6B, 0x00,
    0x5A, 0xAE, 0x6B, 0x00, 0x5A, 0xAE, 0x6B, 0xFF, 0x5A, 0xAE, 0x6B, 0xFF, 0x5A, 0xAE, 0x6B, 0xFF,
    0x5A, 0xAE, 0x6B, 0x00, 0x5A, 0xAE, 0x6B, 0x00, 0x5A, 0xAE, 0x6B, 0x00, 0x5A, 0xAE, 0x6B, 0x00,
    0x5A, 0xAE, 0x6B, 0x00, 0x5A, 0xAE, 0x6B, 0x00, 0x5A, 0xAE, 0x6B, 0x00, 0x5A, 0xAE, 0x6B, 0x00,
    0x5A, 0xAE, 0x6B, 0x00, 0x5A, 0xAE, 0x6B, 0x00, 0x5A, 0xAE, 0x6B, 0x00, 0x5A, 0xAE, 0x6B, 0x00,
    0x5A, 0xAE, 0x6B, 0x00, 0x5A, 0xAE, 0x6B, 0x00, 0x5A, 0xAE, 0x6B, 0x00, 0x5A, 0xAE, 0x6B, 0x00,
    0x5A, 0xAE, 0x6B, 0x00, 0x5A, 0xAE, 0x6B, 0x00, 0x5A, 0xAE, 0x6B, 0x00, 0x5A, 0xAE, 0x6B, 0x00,
    0x5A, 0xAE, 0x6B, 0x00, 0x5A, 0xAE, 0x6B, 0x00, 0x5A, 0xAE, 0x6B, 0x00, 0x5A, 0xAE, 0x6B, 0x00,
    0x5A, 0xAE, 0x6B, 0x00, 0x5A, 0xAE, 0x6B, 0x00, 0x5A, 0xAE, 0x6B, 0x00, 0x5A, 0xAE, 0x6B, 0x00,
    0x5A, 0xAE, 0x6B, 0xFF, 0x5A, 0xAE, 0x6B, 0xFF, 0x5A, 0xAE, 0x6B, 0xFF, 0x5A, 0xAE, 0x6B, 0x00,
    0x5A, 0xAE, 0x6B, 0x00, 0x5A, 0xAE, 0x6B, 0x00, 0x5A, 0xAE, 0x6B, 0x00, 0x5A, 0xAE, 0x6B, 0x00,
    0x5A, 0xAE, 0x6B, 0x00, 0x5A, 0xAE, 0x6B, 0x00, 0x5A, 0xAE, 0x6B, 0x00, 0x5A, 0xAE, 0x6B, 0x00,
    0x5A, 0xAE, 0x6B, 0x00, 0x5A, 0xAE, 0x6B, 0x00, 0x5A, 0xAE, 0x6B, 0x00, 0x5A, 0xAE, 0x6B, 0x00,
    0x5A, 0xAE, 0x6B, 0x00, 0x5A, 0xAE, 0x6B, 0x00, 0x5A, 0xAE, 0x6B, 0x00, 0x5A, 0xAE, 0x6B, 0x00,
    0x5A, 0xAE, 0x6B, 0x00, 0x5A, 0xAE, 0x6B, 0x00, 0x5A, 0xAE, 0x6B, 0x00, 0x5A, 0xAE, 0x6B, 0x00,
    0x5A, 0xAE, 0x6B, 0x00, 0x5A, 0xAE, 0x6B, 0x00, 0x5A, 0xAE, 0x6B, 0x00, 0x5A, 0xAE, 0x6B, 0x00,
    0x5A, 0xAE, 0x6B, 0x00, 0x5A, 0xAE, 0x6B, 0x00, 0x5A, 0xAE, 0x6B, 0x00, 0x5A, 0xAE, 0x6B, 0xFF,
    0x5A, 0xAE, 0x6B, 0xFF, 0x5A, 0xAE, 0x6B, 0xFF, 0x5A, 0xAE, 0x6B, 0x00, 0x5A, 0xAE, 0x6B, 0x00,
    0x5A, 0xAE, 0x6B, 0x00, 0x5A, 0xAE, 0x6B, 0x00, 0x5A, 0xAE, 0x6B, 0x00, 0x5A, 0xAE, 0x6B, 0x00,
    0x5A, 0xAE, 0x6B, 0x00, 0x5A, 0xAE, 0x6B, 0x00, 0x5A, 0xAE, 0x6B, 0x00, 0x5A, 0xAE, 0x6B, 0x00,
    0x5A, 0xAE, 0x6B, 0x00, 0x5A, 0xAE, 0x6B, 0x00, 0x5A, 0xAE, 0x6B, 0x00, 0x5A, 0xAE, 0x6B, 0x00,
    0x5A, 0xAE, 0x6B, 0x00, 0x5A, 0xAE, 0x6B, 0x00, 0x5A, 0xAE, 0x6B, 0x00, 0x5A, 0xAE, 0x6B, 0x00,
    0x5A, 0xAE, 0x6B, 0x00, 0x5A, 0xAE, 0x6B, 0x00, 0x5A, 0xAE, 0x6B, 0x00, 0x5A, 0xAE, 0x6B, 0x00,
    0x5A, 0xAE, 0x6B, 0x00, 0x5A, 0xAE, 0x6B, 0x00, 0x5A, 0xAE, 0x6B, 0x00, 0x5A, 0xAE, 0x6B, 0x00,
    0x5A, 0xAE, 0x6B, 0x00, 0x5A, 0xAE, 0x6B, 0x00, 0x5A, 0xAE, 0x6B, 0xFF, 0x5A, 0xAE, 0x6B, 0xFF,
    0x5A, 0xAE, 0x6B, 0xFF, 0x5A, 0xAE, 0x6B, 0x00, 0x5A, 0xAE, 0x6B, 0x00, 0x5A, 0xAE, 0x6B, 0x00,
    0x5A, 0xAE, 0x6B, 0x00, 0x5A, 0xAE, 0x6B, 0x00, 0x5A, 0xAE, 0x6B, 0x00, 0x5A, 0xAE, 0x6B, 0x00,
    0x5A, 0xAE, 0x6B, 0x00, 0x5A, 0xAE, 0x6B, 0x00, 0x5A, 0xAE, 0x6B, 0x00, 0x5A, 0xAE, 0x6B, 0x00,
    0x5A, 0xAE, 0x6B, 0x00, 0x5A, 0xAE, 0x6B, 0x00, 0x5A, 0xAE, 0x6B, 0x00, 0x5A, 0xAE, 0x6B, 0x00,
    0x5A, 0xAE, 0x6B, 0x00, 0x5A, 0xAE, 0x6B, 0x00, 0x5A, 0xAE, 0x6B, 0x00, 0x5A, 0xAE, 0x6B, 0x00,
    0x5A, 0xAE, 0x6B, 0x00, 0x5A, 0xAE, 0x6B, 0x00, 0x5A, 0xAE, 0x6B, 0x00, 0x5A, 0xAE, 0x6B, 0x00,
    0x5A, 0xAE, 0x6B, 0x00, 0x5A, 0xAE, 0x6B, 0x0B, 0x5A, 0xAE, 0x6B, 0x1B, 0x5A, 0xAE, 0x6B, 0x27,
    0x5A, 0xAE, 0x6B, 0x2F, 0x5A, 0xAE, 0x6B, 0xFF, 0x5A, 0xAE, 0x6B, 0xFF, 0x5A, 0xAE, 0x6B, 0xFF,
    0x5A, 0xAE, 0x6B, 0x2F, 0x5A, 0xAE, 0x6B, 0x27, 0x5A, 0xAE, 0x6B, 0x1B, 0x5A, 0xAE, 0x6B, 0x0B,
    0x5A, 0xAE, 0x6B, 0x00, 0x5A, 0xAE, 0x6B, 0x00, 0x5A, 0xAE, 0x6B, 0x00, 0x5A, 0xAE, 0x6B, 0x00,
    0x5A, 0xAE, 0x6B, 0x00, 0x5A, 0xAE, 0x6B, 0x00, 0x5A, 0xAE, 0x6B, 0x00, 0x5A, 0xAE, 0x6B, 0x00,
    0x5A, 0xAE, 0x6B, 0x00, 0x5A, 0xAE, 0x6B, 0x00, 0x5A, 0xAE, 0x6B, 0x00, 0x5A, 0xAE, 0x6B, 0x00,
    0x5A, 0xAE, 0x6B, 0x00, 0x5A, 0xAE, 0x6B, 0x00, 0x5A, 0xAE, 0x6B, 0x00, 0x5A, 0xAE, 0x6B, 0x00,
    0x5A, 0xAE, 0x6B, 0x00, 0x5A, 0xAE, 0x6B, 0x01, 0x5A, 0xAE, 0x6B, 0x15, 0x5A, 0xAE, 0x6B, 0x2D,
    0x5A, 0xAE, 0x6B, 0x36, 0x5A, 0xAE, 0x6B, 0x36, 0x5A, 0xAE, 0x6B, 0x36, 0x5A, 0xAE, 0x6B, 0x36,
    0x5A, 0xAE, 0x6B, 0xFF, 0x5A, 0xAE, 0x6B, 0xFF, 0x5A, 0xAE, 0x6B, 0xFF, 0x5A, 0xAE, 0x6B, 0x36,
    0x5A, 0xAE, 0x6B, 0x36, 0x5A, 0xAE, 0x6B, 0x36, 0x5A, 0xAE, 0x6B, 0x36, 0x5A, 0xAE, 0x6B, 0x2D,
    0x5A, 0xAE, 0x6B, 0x15, 0x5A, 0xAE, 0x6B, 0x01, 0x5A, 0xAE, 0x6B, 0x00, 0x5A, 0xAE, 0x6B, 0x00,
    0x5A, 0xAE, 0x6B, 0x00, 0x5A, 0xAE, 0x6B, 0x00, 0x5A, 0xAE, 0x6B, 0x00, 0x5A, 0xAE, 0x6B, 0x00,
    0x5A, 0xAE, 0x6B, 0x00, 0x5A, 0xAE, 0x6B, 0x00, 0x5A, 0xAE, 0x6B, 0x00, 0x5A, 0xAE, 0x6B, 0x00,
    0x5A, 0xAE, 0x6B, 0x00, 0x5A, 0xAE, 0x6B, 0x00, 0x5A, 0xAE, 0x6B, 0x00, 0x5A, 0xAE, 0x6B, 0x0C,
    0x5A, 0xAE, 0x6B, 0x2D, 0x5A, 0xAE, 0x6B, 0x36, 0x5A, 0xAE, 0x6B, 0x36, 0x5A, 0xAE, 0x6B, 0x36,
    0x5A, 0xAE, 0x6B, 0x36, 0x5A, 0xAE, 0x6B, 0x36, 0x5A, 0xAE, 0x6B, 0x36, 0x5A, 0xAE, 0x6B, 0xFF,
    0x5A, 0xAE, 0x6B, 0xFF, 0x5A, 0xAE, 0x6B, 0xFF, 0x5A, 0xAE, 0x6B, 0x36, 0x5A, 0xAE, 0x6B, 0x36,
    0x5A, 0xAE, 0x6B, 0x36, 0x5A, 0xAE, 0x6B, 0x36, 0x5A, 0xAE, 0x6B, 0x36, 0x5A, 0xAE, 0x6B, 0x36,
    0x5A, 0xAE, 0x6B, 0x2D, 0x5A, 0xAE, 0x6B, 0x0C, 0x5A, 0xAE, 0x6B, 0x00, 0x5A, 0xAE, 0x6B, 0x00,
    0x5A, 0xAE, 0x6B, 0x00, 0x5A, 0xAE, 0x6B, 0x00, 0x5A, 0xAE, 0x6B, 0x00, 0x5A, 0xAE, 0x6B, 0x00,
    0x5A, 0xAE, 0x6B, 0x00, 0x5A, 0xAE, 0x6B, 0x00, 0x5A, 0xAE, 0x6B, 0x00, 0x5A, 0xAE, 0x6B, 0x00,
    0x5A, 0xAE, 0x6B, 0x00, 0x5A, 0xAE, 0x6B, 0x19, 0x5A, 0xAE, 0x6B, 0x35, 0x5A, 0xAE, 0x6B, 0x36,
    0x5A, 0xAE, 0x6B, 0x36, 0x5A, 0xAE, 0x6B, 0x36, 0x5A, 0xAE, 0x6B, 0x36, 0x5A, 0xAE, 0x6B, 0x36,
    0x5A, 0xAE, 0x6B, 0x36, 0x5A, 0xAE, 0x6B, 0x36, 0x5A, 0xAE, 0x6B, 0xFF, 0x5A, 0xAE, 0x6B, 0xFF,
    0x5A, 0xAE, 0x6B, 0xFF, 0x5A, 0xAE, 0x6B, 0x36, 0x5A, 0xAE, 0x6B, 0x36, 0x5A, 0xAE, 0x6B, 0x36,
    0x5A, 0xAE, 0x6B, 0x36, 0x5A, 0xAE, 0x6B, 0x36, 0x5A, 0xAE, 0x6B, 0x36, 0x5A, 0xAE, 0x6B, 0x36,
    0x5A, 0xAE, 0x6B, 0x35, 0x5A, 0xAE, 0x6B, 0x19, 0x5A, 0xAE, 0x6B, 0x00, 0x5A, 0xAE, 0x6B, 0x00,
    0x5A, 0xAE, 0x6B, 0x00, 0x5A, 0xAE, 0x6B, 0x00, 0x5A, 0xAE, 0x6B, 0x00, 0x5A, 0xAE, 0x6B, 0x00,
    0x5A, 0xAE, 0x6B, 0x00, 0x5A, 0xAE, 0x6B, 0x00, 0x5A, 0xAE, 0x6B, 0x00, 0x5A, 0xAE, 0x6B, 0x1E,
    0x5A, 0xAE, 0x6B, 0x36, 0x5A, 0xAE, 0x6B, 0x36, 0x5A, 0xAE, 0x6B, 0x36, 0x5A, 0xAE, 0x6B, 0x36,
    0x5A, 0xAE, 0x6B, 0x36, 0x5A, 0xAE, 0x6B, 0x36, 0x5A, 0xAE, 0x6B, 0x36, 0x5A, 0xAE, 0x6B, 0x36,
    0x5A, 0xAE, 0x6B, 0x36, 0x5A, 0xAE, 0x6B, 0xFF, 0x5A, 0xAE, 0x6B, 0xFF, 0x5A, 0xAE, 0x6B, 0xFF,
    0x5A, 0xAE, 0x6B, 0x36, 0x5A, 0xAE, 0x6B, 0x36, 0x5A, 0xAE, 0x6B, 0x36, 0x5A, 0xAE, 0x6B, 0x36,
    0x5A, 0xAE, 0x6B, 0x36, 0x5A, 0xAE, 0x6B, 0x36, 0x5A, 0xAE, 0x6B, 0x36, 0x5A, 0xAE, 0x6B, 0x36,
    0x5A, 0xAE, 0x6B, 0x36, 0x5A, 0xAE, 0x6B, 0x1E, 0x5A, 0xAE, 0x6B, 0x00, 0x5A, 0xAE, 0x6B, 0x00,
    0x5A, 0xAE, 0x6B, 0x00, 0x5A, 0xAE, 0x6B, 0x00, 0x5A, 0xAE, 0x6B, 0x00, 0x5A, 0xAE, 0x6B, 0x00,
    0x5A, 0xAE, 0x6B, 0x00, 0x5A, 0xAE, 0x6B, 0x1A, 0x5A, 0xAE, 0x6B, 0x36, 0x5A, 0xAE, 0x6B, 0x36,
    0x5A, 0xAE, 0x6B, 0x36, 0x5A, 0xAE, 0x6B, 0x36, 0x5A, 0xAE, 0x6B, 0x36, 0x5A, 0xAE, 0x6B, 0x36,
    0x5A, 0xAE, 0x6B, 0x36, 0x5A, 0xAE, 0x6B, 0x36, 0x5A, 0xAE, 0x6B, 0x36, 0x5A, 0xAE, 0x6B, 0x36,
    0x5A, 0xAE, 0x6B, 0xFF, 0x5A, 0xAE, 0x6B, 0xFF, 0x5A, 0xAE, 0x6B, 0xFF, 0x5A, 0xAE, 0x6B, 0x36,
    0x5A, 0xAE, 0x6B, 0x36, 0x5A, 0xAE, 0x6B, 0x36, 0x5A, 0xAE, 0x6B, 0x36, 0x5A, 0xAE, 0x6B, 0x36,
    0x5A, 0xAE, 0x6B, 0x36, 0x5A, 0xAE, 0x6B, 0x36, 0x5A, 0xAE, 0x6B, 0x36, 0x5A, 0xAE, 0x6B, 0x36,
    0x5A, 0xAE, 0x6B, 0x36, 0x5A, 0xAE, 0x6B, 0x1A, 0x5A, 0xAE, 0x6B, 0x00, 0x5A, 0xAE, 0x6B, 0x00,
    0x5A, 0xAE, 0x6B, 0x00, 0x5A, 0xAE, 0x6B, 0x00, 0x5A, 0xAE, 0x6B, 0x00, 0x5A, 0xAE, 0x6B, 0x0F,
    0x5A, 0xAE, 0x6B, 0x36, 0x5A, 0xAE, 0x6B, 0x36, 0x5A, 0xAE, 0x6B, 0x36, 0x5A, 0xAE, 0x6B, 0x36,
    0x5A, 0xAE, 0x6B, 0x36, 0x5A, 0xAE, 0x6B, 0x36, 0x5A, 0xAE, 0x6B, 0x36, 0x5A, 0xAE, 0x6B, 0x36,
    0x5A, 0xAE, 0x6B, 0x36, 0x5A, 0xAE, 0x6B, 0x36, 0x5A, 0xAE, 0x6B, 0x36, 0x5A, 0xAE, 0x6B, 0xFF,
    0x5A, 0xAE, 0x6B, 0xFF, 0x5A, 0xAE, 0x6B, 0xFF, 0x5A, 0xAE, 0x6B, 0x36, 0x5A, 0xAE, 0x6B, 0x36,
    0x5A, 0xAE, 0x6B, 0x36, 0x5A, 0xAE, 0x6B, 0x36, 0x5A, 0xAE, 0x6B, 0x36, 0x5A, 0xAE, 0x6B, 0x36,
    0x5A, 0xAE, 0x6B, 0x36, 0x5A, 0xAE, 0x6B, 0x36, 0x5A, 0xAE, 0x6B, 0x36, 0x5A, 0xAE, 0x6B, 0x36,
    0x5A, 0xAE, 0x6B, 0x36, 0x5A, 0xAE, 0x6B, 0x0F, 0x5A, 0xAE, 0x6B, 0x00, 0x5A, 0xAE, 0x6B, 0x00,
    0x5A, 0xAE, 0x6B, 0x00, 0x5A, 0xAE, 0x6B, 0x02, 0x5A, 0xAE, 0x6B, 0x2F, 0x5A, 0xAE, 0x6B, 0x36,
    0x5A, 0xAE, 0x6B, 0x36, 0x5A, 0xAE, 0x6B, 0x36, 0x5A, 0xAE, 0x6B, 0x36, 0x5A, 0xAE, 0x6B, 0x36,
    0x5A, 0xAE, 0x6B, 0x36, 0x5A, 0xAE, 0x6B, 0x36, 0x5A, 0xAE, 0x6B, 0x36, 0x5A, 0xAE, 0x6B, 0x36,
    0x5A, 0xAE, 0x6B, 0x36, 0x5A, 0xAE, 0x6B, 0x36, 0x5A, 0xAE, 0x6B, 0xFF, 0x5A, 0xAE, 0x6B, 0xFF,
    0x5A, 0xAE, 0x6B, 0xFF, 0x5A, 0xAE, 0x6B, 0x36, 0x5A, 0xAE, 0x6B, 0x36, 0x5A, 0xAE, 0x6B, 0x36,
    0x5A, 0xAE, 0x6B, 0x36, 0x5A, 0xAE, 0x6B, 0x36, 0x5A, 0xAE, 0x6B, 0x36, 0x5A, 0xAE, 0x6B, 0x36,
    0x5A, 0xAE, 0x6B, 0x36, 0x5A, 0xAE, 0x6B, 0x36, 0x5A, 0xAE, 0x6B, 0x36, 0x5A, 0xAE, 0x6B, 0x36,
    0x5A, 0xAE, 0x6B, 0x2F, 0x5A, 0xAE, 0x6B, 0x02, 0x5A, 0xAE, 0x6B, 0x00, 0x5A, 0xAE, 0x6B, 0x00,
    0x5A, 0xAE, 0x6B, 0x19, 0x5A, 0xAE, 0x6B, 0x36, 0x5A, 0xAE, 0x6B, 0x36, 0x5A, 0xAE, 0x6B, 0x36,
    0x5A, 0xAE, 0x6B, 0x36, 0x5A, 0xAE, 0x6B, 0x36, 0x5A, 0xAE, 0x6B, 0x36, 0x5A, 0xAE, 0x6B, 0x36,
    0x5A, 0xAE, 0x6B, 0x36, 0x5A, 0xAE, 0x6B, 0x36, 0x5A, 0xAE, 0x6B, 0x48, 0x5A, 0xAE, 0x6B, 0x9E,
    0x5A, 0xAE, 0x6B, 0xDA, 0x5A, 0xAE, 0x6B, 0xFF, 0x5A, 0xAE, 0x6B, 0xFF, 0x5A, 0xAE, 0x6B, 0xFF,
    0x5A, 0xAE, 0x6B, 0xDA, 0x5A, 0xAE, 0x6B, 0x9E, 0x5A, 0xAE, 0x6B, 0x48, 0x5A, 0xAE, 0x6B, 0x36,
    0x5A, 0xAE, 0x6B, 0x36, 0x5A, 0xAE, 0x6B, 0x36, 0x5A, 0xAE, 0x6B, 0x36, 0x5A, 0xAE, 0x6B, 0x36,
    0x5A, 0xAE, 0x6B, 0x36, 0x5A, 0xAE, 0x6B, 0x36, 0x5A, 0xAE, 0x6B, 0x36, 0x5A, 0xAE, 0x6B, 0x36,
    0x5A, 0xAE, 0x6B, 0x19, 0x5A, 0xAE, 0x6B, 0x00, 0x5A, 0xAE, 0x6B, 0x01, 0x5A, 0xAE, 0x6B, 0x30,
    0x5A, 0xAE, 0x6B, 0x36, 0x5A, 0xAE, 0x6B, 0x36, 0x5A, 0xAE, 0x6B, 0x36, 0x5A, 0xAE, 0x6B, 0x36,
    0x5A, 0xAE, 0x6B, 0x36, 0x5A, 0xAE, 0x6B, 0x36, 0x5A, 0xAE, 0x6B, 0x36, 0x5A, 0xAE, 0x6B, 0x36,
    0x5A, 0xAE, 0x6B, 0x7A, 0x5A, 0xAE, 0x6B, 0xF6, 0x5A, 0xAE, 0x6B, 0xFF, 0x5A, 0xAE, 0x6B, 0xFF,
    0x5A, 0xAE, 0x6B, 0xFF, 0x5A, 0xAE, 0x6B, 0xFF, 0x5A, 0xAE, 0x6B, 0xFF, 0x5A, 0xAE, 0x6B, 0xFF,
    0x5A, 0xAE, 0x6B, 0xFF, 0x5A, 0xAE, 0x6B, 0xF6, 0x5A, 0xAE, 0x6B, 0x7A, 0x5A, 0xAE, 0x6B, 0x36,
    0x5A, 0xAE, 0x6B, 0x36, 0x5A, 0xAE, 0x6B, 0x36, 0x5A, 0xAE, 0x6B, 0x36, 0x5A, 0xAE, 0x6B, 0x36,
    0x5A, 0xAE, 0x6B, 0x36, 0x5A, 0xAE, 0x6B, 0x36, 0x5A, 0xAE, 0x6B, 0x36, 0x5A, 0xAE, 0x6B, 0x30,
    0x5A, 0xAE, 0x6B, 0x01, 0x5A, 0xAE, 0x6B, 0x0F, 0x5A, 0xAE, 0x6B, 0x36, 0x5A, 0xAE, 0x6B, 0x36,
    0x5A, 0xAE, 0x6B, 0x36, 0x5A, 0xAE, 0x6B, 0x36, 0x5A, 0xAE, 0x6B, 0x36, 0x5A, 0xAE, 0x6B, 0x36,
    0x5A, 0xAE, 0x6B, 0x36, 0x5A, 0xAE, 0x6B, 0x36, 0x5A, 0xAE, 0x6B, 0x7A, 0x5A, 0xAE, 0x6B, 0xFE,
    0x5A, 0xAE, 0x6B, 0xFF, 0x5A, 0xAE, 0x6B, 0xFF, 0x5A, 0xAE, 0x6B, 0xFF, 0x5A, 0xAE, 0x6B, 0xFF,
    0x5A, 0xAE, 0x6B, 0xFF, 0x5A, 0xAE, 0x6B, 0xFF, 0x5A, 0xAE, 0x6B, 0xFF, 0x5A, 0xAE, 0x6B, 0xFF,
    0x5A, 0xAE, 0x6B, 0xFF, 0x5A, 0xAE, 0x6B, 0xFE, 0x5A, 0xAE, 0x6B, 0x7A, 0x5A, 0xAE, 0x6B, 0x36,
    0x5A, 0xAE, 0x6B, 0x36, 0x5A, 0xAE, 0x6B, 0x36, 0x5A, 0xAE, 0x6B, 0x36, 0x5A, 0xAE, 0x6B, 0x36,
    0x5A, 0xAE, 0x6B, 0x36, 0x5A, 0xAE, 0x6B, 0x36, 0x5A, 0xAE, 0x6B, 0x36, 0x5A, 0xAE, 0x6B, 0x0F,
    0x5A, 0xAE, 0x6B, 0x1F, 0x5A, 0xAE, 0x6B, 0x36, 0x5A, 0xAE, 0x6B, 0x36, 0x5A, 0xAE, 0x6B, 0x36,
    0x5A, 0xAE, 0x6B, 0x36, 0x5A, 0xAE, 0x6B, 0x36, 0x5A, 0xAE, 0x6B, 0x36, 0x5A, 0xAE, 0x6B, 0x36,
    0x5A, 0xAE, 0x6B, 0x4B, 0x5A, 0xAE, 0x6B, 0xF6, 0x5A, 0xAE, 0x6B, 0xFF, 0x5A, 0xAE, 0x6B, 0xFF,
    0x5A, 0xAE, 0x6B, 0xFF, 0x5A, 0xAE, 0x6B, 0xFF, 0x5A, 0xAE, 0x6B, 0xFF, 0x5A, 0xAE, 0x6B, 0xFF,
    0x5A, 0xAE, 0x6B, 0xFF, 0x5A, 0xAE, 0x6B, 0xFF, 0x5A, 0xAE, 0x6B, 0xFF, 0x5A, 0xAE, 0x6B, 0xFF,
    0x5A, 0xAE, 0x6B, 0xFF, 0x5A, 0xAE, 0x6B, 0xF6, 0x5A, 0xAE, 0x6B, 0x4B, 0x5A, 0xAE, 0x6B, 0x36,
    0x5A, 0xAE, 0x6B, 0x36, 0x5A, 0xAE, 0x6B, 0x36, 0x5A, 0xAE, 0x6B, 0x36, 0x5A, 0xAE, 0x6B, 0x36,
    0x5A, 0xAE, 0x6B, 0x36, 0x5A, 0xAE, 0x6B, 0x36, 0x5A, 0xAE, 0x6B, 0x1F, 0x5A, 0xAE, 0x6B, 0x2A,
    0x5A, 0xAE, 0x6B, 0x36, 0x5A, 0xAE, 0x6B, 0x36, 0x5A, 0xAE, 0x6B, 0x36, 0x5A, 0xAE, 0x6B, 0x36,
    0x5A, 0xAE, 0x6B, 0x36, 0x5A, 0xAE, 0x6B, 0x36, 0x5A, 0xAE, 0x6B, 0x36, 0x5A, 0xAE, 0x6B, 0xA1,
    0x5A, 0xAE, 0x6B, 0xFF, 0x5A, 0xAE, 0x6B, 0xFF, 0x5A, 0xAE, 0x6B, 0xFF, 0x5A, 0xAE, 0x6B, 0xFF,
    0x5A, 0xAE, 0x6B, 0xFF, 0x5A, 0xAE, 0x6B, 0xFF, 0x5A, 0xAE, 0x6B, 0xFF, 0x5A, 0xAE, 0x6B, 0xFF,
    0x5A, 0xAE, 0x6B, 0xFF, 0x5A, 0xAE, 0x6B, 0xFF, 0x5A, 0xAE, 0x6B, 0xFF, 0x5A, 0xAE, 0x6B, 0xFF,
    0x5A, 0xAE, 0x6B, 0xFF, 0x5A, 0xAE, 0x6B, 0xA1, 0x5A, 0xAE, 0x6B, 0x36, 0x5A, 0xAE, 0x6B, 0x36,
    0x5A, 0xAE, 0x6B, 0x36, 0x5A, 0xAE, 0x6B, 0x36, 0x5A, 0xAE, 0x6B, 0x36, 0x5A, 0xAE, 0x6B, 0x36,
    0x5A, 0xAE, 0x6B, 0x36, 0x5A, 0xAE, 0x6B, 0x2A, 0x5A, 0xAE, 0x6B, 0x32, 0x5A, 0xAE, 0x6B, 0x36,
    0x5A, 0xAE, 0x6B, 0x36, 0x5A, 0xAE, 0x6B, 0x36, 0x5A, 0xAE, 0x6B, 0x36, 0x5A, 0xAE, 0x6B, 0x36,
    0x5A, 0xAE, 0x6B, 0x36, 0x5A, 0xAE, 0x6B, 0x36, 0x5A, 0xAE, 0x6B, 0xDC, 0x5A, 0xAE, 0x6B, 0xFF,
    0x5A, 0xAE, 0x6B, 0xFF, 0x5A, 0xAE, 0x6B, 0xFF, 0x5A, 0xAE, 0x6B, 0xFF, 0x5A, 0xAE, 0x6B, 0xFF,
    0x5A, 0xAE, 0x6B, 0xFF, 0x5A, 0xAE, 0x6B, 0xFF, 0x5A, 0xAE, 0x6B, 0xFF, 0x5A, 0xAE, 0x6B, 0xFF,
    0x5A, 0xAE, 0x6B, 0xFF, 0x5A, 0xAE, 0x6B, 0xFF, 0x5A, 0xAE, 0x6B, 0xFF, 0x5A, 0xAE, 0x6B, 0xFF,
    0x5A, 0xAE, 0x6B, 0xDC, 0x5A, 0xAE, 0x6B, 0x36, 0x5A, 0xAE, 0x6B, 0x36, 0x5A, 0xAE, 0x6B, 0x36,
    0x5A, 0xAE, 0x6B, 0x36, 0x5A, 0xAE, 0x6B, 0x36, 0x5A, 0xAE, 0x6B, 0x36, 0x5A, 0xAE, 0x6B, 0x36,
    0x5A, 0xAE, 0x6B, 0x32, 0x5A, 0xAE, 0x6B, 0x35, 0x5A, 0xAE, 0x6B, 0x36, 0x5A, 0xAE, 0x6B, 0x36,
    0x5A, 0xAE, 0x6B, 0x36, 0x5A, 0xAE, 0x6B, 0x36, 0x5A, 0xAE, 0x6B, 0x36, 0x5A, 0xAE, 0x6B, 0x36,
    0x5A, 0xAE, 0x6B, 0x36, 0x5A, 0xAE, 0x6B, 0xF7, 0x5A, 0xAE, 0x6B, 0xFF, 0x5A, 0xAE, 0x6B, 0xFF,
    0x5A, 0xAE, 0x6B, 0xFF, 0x5A, 0xAE, 0x6B, 0xFF, 0x5A, 0xAE, 0x6B, 0xFF, 0x5A, 0xAE, 0x6B, 0xFF,
    0x5A, 0xAE, 0x6B, 0xFF, 0x5A, 0xAE, 0x6B, 0xFF, 0x5A, 0xAE, 0x6B, 0xFF, 0x5A, 0xAE, 0x6B, 0xFF,
    0x5A, 0xAE, 0x6B, 0xFF, 0x5A, 0xAE, 0x6B, 0xFF, 0x5A, 0xAE, 0x6B, 0xFF, 0x5A, 0xAE, 0x6B, 0xF7,
    0x5A, 0xAE, 0x6B, 0x36, 0x5A, 0xAE, 0x6B, 0x36, 0x5A, 0xAE, 0x6B, 0x36, 0x5A, 0xAE, 0x6B, 0x36,
    0x5A, 0xAE, 0x6B, 0x36, 0x5A, 0xAE, 0x6B, 0x36, 0x5A, 0xAE, 0x6B, 0x36, 0x5A, 0xAE, 0x6B, 0x35,
    0x5A, 0xAE, 0x6B, 0x35, 0x5A, 0xAE, 0x6B, 0x36, 0x5A, 0xAE, 0x6B, 0x36, 0x5A, 0xAE, 0x6B, 0x36,
    0x5A, 0xAE, 0x6B, 0x36, 0x5A, 0xAE, 0x6B, 0x36, 0x5A, 0xAE, 0x6B, 0x36, 0x5A, 0xAE, 0x6B, 0x36,
    0x5A, 0xAE, 0x6B, 0xFC, 0x5A, 0xAE, 0x6B, 0xFF, 0x5A, 0xAE, 0x6B, 0xFF, 0x5A, 0xAE, 0x6B, 0xFF,
    0x5A, 0xAE, 0x6B, 0xFF, 0x5A, 0xAE, 0x6B, 0xFF, 0x5A, 0xAE, 0x6B, 0xFF, 0x5A, 0xAE, 0x6B, 0xFF,
    0x5A, 0xAE, 0x6B, 0xFF, 0x5A, 0xAE, 0x6B, 0xFF, 0x5A, 0xAE, 0x6B, 0xFF, 0x5A, 0xAE, 0x6B, 0xFF,
    0x5A, 0xAE, 0x6B, 0xFF, 0x5A, 0xAE, 0x6B, 0xFF, 0x5A, 0xAE, 0x6B, 0xFC, 0x5A, 0xAE, 0x6B, 0x36,
    0x5A, 0xAE, 0x6B, 0x36, 0x5A, 0xAE, 0x6B, 0x36, 0x5A, 0xAE, 0x6B, 0x36, 0x5A, 0xAE, 0x6B, 0x36,
    0x5A, 0xAE, 0x6B, 0x36, 0x5A, 0xAE, 0x6B, 0x36, 0x5A, 0xAE, 0x6B, 0x35, 0x5A, 0xAE, 0x6B, 0x32,
    0x5A, 0xAE, 0x6B, 0x36, 0x5A, 0xAE, 0x6B, 0x36, 0x5A, 0xAE, 0x6B, 0x36, 0x5A, 0xAE, 0x6B, 0x36,
    0x5A, 0xAE, 0x6B, 0x36, 0x5A, 0xAE, 0x6B, 0x36, 0x5A, 0xAE, 0x6B, 0x36, 0x5A, 0xAE, 0x6B, 0xDE,
    0x5A, 0xAE, 0x6B, 0xFF, 0x5A, 0xAE, 0x6B, 0xFF, 0x5A, 0xAE, 0x6B, 0xFF, 0x5A, 0xAE, 0x6B, 0xFF,
    0x5A, 0xAE, 0x6B, 0xFF, 0x5A, 0xAE, 0x6B, 0xFF, 0x5A, 0xAE, 0x6B, 0xFF, 0x5A, 0xAE, 0x6B, 0xFF,
    0x5A, 0xAE, 0x6B, 0xFF, 0x5A, 0xAE, 0x6B, 0xFF, 0x5A, 0xAE, 0x6B, 0xFF, 0x5A, 0xAE, 0x6B, 0xFF,
    0x5A, 0xAE, 0x6B, 0xFF, 0x5A, 0xAE, 0x6B, 0xDE, 0x5A, 0xAE, 0x6B, 0x36, 0x5A, 0xAE, 0x6B, 0x36,
    0x5A, 0xAE, 0x6B, 0x36, 0x5A, 0xAE, 0x6B, 0x36, 0x5A, 0xAE, 0x6B, 0x36, 0x5A, 0xAE, 0x6B, 0x36,
    0x5A, 0xAE, 0x6B, 0x36, 0x5A, 0xAE, 0x6B, 0x32, 0x5A, 0xAE, 0x6B, 0x2A, 0x5A, 0xAE, 0x6B, 0x36,
    0x5A, 0xAE, 0x6B, 0x36, 0x5A, 0xAE, 0x6B, 0x36, 0x5A, 0xAE, 0x6B, 0x36, 0x5A, 0xAE, 0x6B, 0x36,
    0x5A, 0xAE, 0x6B, 0x36, 0x5A, 0xAE, 0x6B, 0x36, 0x5A, 0xAE, 0x6B, 0xA1, 0x5A, 0xAE, 0x6B, 0xFF,
    0x5A, 0xAE, 0x6B, 0xFF, 0x5A, 0xAE, 0x6B, 0xFF, 0x5A, 0xAE, 0x6B, 0xFF, 0x5A, 0xAE, 0x6B, 0xFF,
    0x5A, 0xAE, 0x6B, 0xFF, 0x5A, 0xAE, 0x6B, 0xFF, 0x5A, 0xAE, 0x6B, 0xFF, 0x5A, 0xAE, 0x6B, 0xFF,
    0x5A, 0xAE, 0x6B, 0xFF, 0x5A, 0xAE, 0x6B, 0xFF, 0x5A, 0xAE, 0x6B, 0xFF, 0x5A, 0xAE, 0x6B, 0xFF,
    0x5A, 0xAE, 0x6B, 0xA1, 0x5A, 0xAE, 0x6B, 0x36, 0x5A, 0xAE, 0x6B, 0x36, 0x5A, 0xAE, 0x6B, 0x36,
    0x5A, 0xAE, 0x6B, 0x36, 0x5A, 0xAE, 0x6B, 0x36, 0x5A, 0xAE, 0x6B, 0x36, 0x5A, 0xAE, 0x6B, 0x36,
    0x5A, 0xAE, 0x6B, 0x2A, 0x5A, 0xAE, 0x6B, 0x1E, 0x5A, 0xAE, 0x6B, 0x36, 0x5A, 0xAE, 0x6B, 0x36,
    0x5A, 0xAE, 0x6B, 0x36, 0x5A, 0xAE, 0x6B, 0x36, 0x5A, 0xAE, 0x6B, 0x36, 0x5A, 0xAE, 0x6B, 0x36,
    0x5A, 0xAE, 0x6B, 0x36, 0x5A, 0xAE, 0x6B, 0x4B, 0x5A, 0xAE, 0x6B, 0xF6, 0x5A, 0xAE, 0x6B, 0xFF,
    0x5A, 0xAE, 0x6B, 0xFF, 0x5A, 0xAE, 0x6B, 0xFF, 0x5A, 0xAE, 0x6B, 0xFF, 0x5A, 0xAE, 0x6B, 0xFF,
    0x5A, 0xAE, 0x6B, 0xFF, 0x5A, 0xAE, 0x6B, 0xFF, 0x5A, 0xAE, 0x6B, 0xFF, 0x5A, 0xAE, 0x6B, 0xFF,
    0x5A, 0xAE, 0x6B, 0xFF, 0x5A, 0xAE, 0x6B, 0xFF, 0x5A, 0xAE, 0x6B, 0xF6, 0x5A, 0xAE, 0x6B, 0x4B,
    0x5A, 0xAE, 0x6B, 0x36, 0x5A, 0xAE, 0x6B, 0x36, 0x5A, 0xAE, 0x6B, 0x36, 0x5A, 0xAE, 0x6B, 0x36,
    0x5A, 0xAE, 0x6B, 0x36, 0x5A, 0xAE, 0x6B, 0x36, 0x5A, 0xAE, 0x6B, 0x36, 0x5A, 0xAE, 0x6B, 0x1E,
    0x5A, 0xAE, 0x6B, 0x0F, 0x5A, 0xAE, 0x6B, 0x36, 0x5A, 0xAE, 0x6B, 0x36, 0x5A, 0xAE, 0x6B, 0x36,
    0x5A, 0xAE, 0x6B, 0x36, 0x5A, 0xAE, 0x6B, 0x36, 0x5A, 0xAE, 0x6B, 0x36, 0x5A, 0xAE, 0x6B, 0x36,
    0x5A, 0xAE, 0x6B, 0x36, 0x5A, 0xAE, 0x6B, 0x79, 0x5A, 0xAE, 0x6B, 0xFE, 0x5A, 0xAE, 0x6B, 0xFF,
    0x5A, 0xAE, 0x6B, 0xFF, 0x5A, 0xAE, 0x6B, 0xFF, 0x5A, 0xAE, 0x6B, 0xFF, 0x5A, 0xAE, 0x6B, 0xFF,
    0x5A, 0xAE, 0x6B, 0xFF, 0x5A, 0xAE, 0x6B, 0xFF, 0x5A, 0xAE, 0x6B, 0xFF, 0x5A, 0xAE, 0x6B, 0xFF,
    0x5A, 0xAE, 0x6B, 0xFE, 0x5A, 0xAE, 0x6B, 0x79, 0x5A, 0xAE, 0x6B, 0x36, 0x5A, 0xAE, 0x6B, 0x36,
    0x5A, 0xAE, 0x6B, 0x36, 0x5A, 0xAE, 0x6B, 0x36, 0x5A, 0xAE, 0x6B, 0x36, 0x5A, 0xAE, 0x6B, 0x36,
    0x5A, 0xAE, 0x6B, 0x36, 0x5A, 0xAE, 0x6B, 0x36, 0x5A, 0xAE, 0x6B, 0x0F, 0x5A, 0xAE, 0x6B, 0x01,
    0x5A, 0xAE, 0x6B, 0x30, 0x5A, 0xAE, 0x6B, 0x36, 0x5A, 0xAE, 0x6B, 0x36, 0x5A, 0xAE, 0x6B, 0x36,
    0x5A, 0xAE, 0x6B, 0x36, 0x5A, 0xAE, 0x6B, 0x36, 0x5A, 0xAE, 0x6B, 0x36, 0x5A, 0xAE, 0x6B, 0x36,
    0x5A, 0xAE, 0x6B, 0x36, 0x5A, 0xAE, 0x6B, 0x7A, 0x5A, 0xAE, 0x6B, 0xF6, 0x5A, 0xAE, 0x6B, 0xFF,
    0x5A, 0xAE, 0x6B, 0xFF, 0x5A, 0xAE, 0x6B, 0xFF, 0x5A, 0xAE, 0x6B, 0xFF, 0x5A, 0xAE, 0x6B, 0xFF,
    0x5A, 0xAE, 0x6B, 0xFF, 0x5A, 0xAE, 0x6B, 0xFF, 0x5A, 0xAE, 0x6B, 0xF6, 0x5A, 0xAE, 0x6B, 0x7A,
    0x5A, 0xAE, 0x6B, 0x36, 0x5A, 0xAE, 0x6B, 0x36, 0x5A, 0xAE, 0x6B, 0x36, 0x5A, 0xAE, 0x6B, 0x36,
    0x5A, 0xAE, 0x6B, 0x36, 0x5A, 0xAE, 0x6B, 0x36, 0x5A, 0xAE, 0x6B, 0x36, 0x5A, 0xAE, 0x6B, 0x36,
    0x5A, 0xAE, 0x6B, 0x30, 0x5A, 0xAE, 0x6B, 0x01, 0x5A, 0xAE, 0x6B, 0x00, 0x5A, 0xAE, 0x6B, 0x19,
    0x5A, 0xAE, 0x6B, 0x36, 0x5A, 0xAE, 0x6B, 0x36, 0x5A, 0xAE, 0x6B, 0x36, 0x5A, 0xAE, 0x6B, 0x36,
    0x5A, 0xAE, 0x6B, 0x36, 0x5A, 0xAE, 0x6B, 0x36, 0x5A, 0xAE, 0x6B, 0x36, 0x5A, 0xAE, 0x6B, 0x36,
    0x5A, 0xAE, 0x6B, 0x36, 0x5A, 0xAE, 0x6B, 0x48, 0x5A, 0xAE, 0x6B, 0x9E, 0x5A, 0xAE, 0x6B, 0xDA,
    0x5A, 0xAE, 0x6B, 0xFF, 0x5A, 0xAE, 0x6B, 0xFF, 0x5A, 0xAE, 0x6B, 0xFF, 0x5A, 0xAE, 0x6B, 0xDA,
    0x5A, 0xAE, 0x6B, 0x9E, 0x5A, 0xAE, 0x6B, 0x48, 0x5A, 0xAE, 0x6B, 0x36, 0x5A, 0xAE, 0x6B, 0x36,
    0x5A, 0xAE, 0x6B, 0x36, 0x5A, 0xAE, 0x6B, 0x36, 0x5A, 0xAE, 0x6B, 0x36, 0x5A, 0xAE, 0x6B, 0x36,
    0x5A, 0xAE, 0x6B, 0x36, 0x5A, 0xAE, 0x6B, 0x36, 0x5A, 0xAE, 0x6B, 0x36, 0x5A, 0xAE, 0x6B, 0x19,
    0x5A, 0xAE, 0x6B, 0x00, 0x5A, 0xAE, 0x6B, 0x00, 0x5A, 0xAE, 0x6B, 0x02, 0x5A, 0xAE, 0x6B, 0x2F,
    0x5A, 0xAE, 0x6B, 0x36, 0x5A, 0xAE, 0x6B, 0x36, 0x5A, 0xAE, 0x6B, 0x36, 0x5A, 0xAE, 0x6B, 0x36,
    0x5A, 0xAE, 0x6B, 0x36, 0x5A, 0xAE, 0x6B, 0x36, 0x5A, 0xAE, 0x6B, 0x36, 0x5A, 0xAE, 0x6B, 0x36,
    0x5A, 0xAE, 0x6B, 0x36, 0x5A, 0xAE, 0x6B, 0x36, 0x5A, 0xAE, 0x6B, 0x36, 0x5A, 0xAE, 0x6B, 0xFF,
    0x5A, 0xAE, 0x6B, 0xFF, 0x5A, 0xAE, 0x6B, 0xFF, 0x5A, 0xAE, 0x6B, 0x36, 0x5A, 0xAE, 0x6B, 0x36,
    0x5A, 0xAE, 0x6B, 0x36, 0x5A, 0xAE, 0x6B, 0x36, 0x5A, 0xAE, 0x6B, 0x36, 0x5A, 0xAE, 0x6B, 0x36,
    0x5A, 0xAE, 0x6B, 0x36, 0x5A, 0xAE, 0x6B, 0x36, 0x5A, 0xAE, 0x6B, 0x36, 0x5A, 0xAE, 0x6B, 0x36,
    0x5A, 0xAE, 0x6B, 0x36, 0x5A, 0xAE, 0x6B, 0x2F, 0x5A, 0xAE, 0x6B, 0x02, 0x5A, 0xAE, 0x6B, 0x00,
    0x5A, 0xAE, 0x6B, 0x00, 0x5A, 0xAE, 0x6B, 0x00, 0x5A, 0xAE, 0x6B, 0x0F, 0x5A, 0xAE, 0x6B, 0x36,
    0x5A, 0xAE, 0x6B, 0x36, 0x5A, 0xAE, 0x6B, 0x36, 0x5A, 0xAE, 0x6B, 0x36, 0x5A, 0xAE, 0x6B, 0x36,
    0x5A, 0xAE, 0x6B, 0x36, 0x5A, 0xAE, 0x6B, 0x36, 0x5A, 0xAE, 0x6B, 0x36, 0x5A, 0xAE, 0x6B, 0x36,
    0x5A, 0xAE, 0x6B, 0x36, 0x5A, 0xAE, 0x6B, 0x36, 0x5A, 0xAE, 0x6B, 0xFF, 0x5A, 0xAE, 0x6B, 0xFF,
    0x5A, 0xAE, 0x6B, 0xFF, 0x5A, 0xAE, 0x6B, 0x36, 0x5A, 0xAE, 0x6B, 0x36, 0x5A, 0xAE, 0x6B, 0x36,
    0x5A, 0xAE, 0x6B, 0x36, 0x5A, 0xAE, 0x6B, 0x36, 0x5A, 0xAE, 0x6B, 0x36, 0x5A, 0xAE, 0x6B, 0x36,
    0x5A, 0xAE, 0x6B, 0x36, 0x5A, 0xAE, 0x6B, 0x36, 0x5A, 0xAE, 0x6B, 0x36, 0x5A, 0xAE, 0x6B, 0x36,
    0x5A, 0xAE, 0x6B, 0x0F, 0x5A, 0xAE, 0x6B, 0x00, 0x5A, 0xAE, 0x6B, 0x00, 0x5A, 0xAE, 0x6B, 0x00,
    0x5A, 0xAE, 0x6B, 0x00, 0x5A, 0xAE, 0x6B, 0x00, 0x5A, 0xAE, 0x6B, 0x1A, 0x5A, 0xAE, 0x6B, 0x36,
    0x5A, 0xAE, 0x6B, 0x36, 0x5A, 0xAE, 0x6B, 0x36, 0x5A, 0xAE, 0x6B, 0x36, 0x5A, 0xAE, 0x6B, 0x36,
    0x5A, 0xAE, 0x6B, 0x36, 0x5A, 0xAE, 0x6B, 0x36, 0x5A, 0xAE, 0x6B, 0x36, 0x5A, 0xAE, 0x6B, 0x36,
    0x5A, 0xAE, 0x6B, 0x36, 0x5A, 0xAE, 0x6B, 0xFF, 0x5A, 0xAE, 0x6B, 0xFF, 0x5A, 0xAE, 0x6B, 0xFF,
    0x5A, 0xAE, 0x6B, 0x36, 0x5A, 0xAE, 0x6B, 0x36, 0x5A, 0xAE, 0x6B, 0x36, 0x5A, 0xAE, 0x6B, 0x36,
    0x5A, 0xAE, 0x6B, 0x36, 0x5A, 0xAE, 0x6B, 0x36, 0x5A, 0xAE, 0x6B, 0x36, 0x5A, 0xAE, 0x6B, 0x36,
    0x5A, 0xAE, 0x6B, 0x36, 0x5A, 0xAE, 0x6B, 0x36, 0x5A, 0xAE, 0x6B, 0x1A, 0x5A, 0xAE, 0x6B, 0x00,
    0x5A, 0xAE, 0x6B, 0x00, 0x5A, 0xAE, 0x6B, 0x00, 0x5A, 0xAE, 0x6B, 0x00, 0x5A, 0xAE, 0x6B, 0x00,
    0x5A, 0xAE, 0x6B, 0x00, 0x5A, 0xAE, 0x6B, 0x00, 0x5A, 0xAE, 0x6B, 0x1E, 0x5A, 0xAE, 0x6B, 0x36,
    0x5A, 0xAE, 0x6B, 0x36, 0x5A, 0xAE, 0x6B, 0x36, 0x5A, 0xAE, 0x6B, 0x36, 0x5A, 0xAE, 0x6B, 0x36,
    0x5A, 0xAE, 0x6B, 0x36, 0x5A, 0xAE, 0x6B, 0x36, 0x5A, 0xAE, 0x6B, 0x36, 0x5A, 0xAE, 0x6B, 0x36,
    0x5A, 0xAE, 0x6B, 0xFF, 0x5A, 0xAE, 0x6B, 0xFF, 0x5A, 0xAE, 0x6B, 0xFF, 0x5A, 0xAE, 0x6B, 0x36,
    0x5A, 0xAE, 0x6B, 0x36, 0x5A, 0xAE, 0x6B, 0x36, 0x5A, 0xAE, 0x6B, 0x36, 0x5A, 0xAE, 0x6B, 0x36,
    0x5A, 0xAE, 0x6B, 0x36, 0x5A, 0xAE, 0x6B, 0x36, 0x5A, 0xAE, 0x6B, 0x36, 0x5A, 0xAE, 0x6B, 0x36,
    0x5A, 0xAE, 0x6B, 0x1E, 0x5A, 0xAE, 0x6B, 0x00, 0x5A, 0xAE, 0x6B, 0x00, 0x5A, 0xAE, 0x6B, 0x00,
    0x5A, 0xAE, 0x6B, 0x00, 0x5A, 0xAE, 0x6B, 0x00, 0x5A, 0xAE, 0x6B, 0x00, 0x5A, 0xAE, 0x6B, 0x00,
    0x5A, 0xAE, 0x6B, 0x00, 0x5A, 0xAE, 0x6B, 0x00, 0x5A, 0xAE, 0x6B, 0x18, 0x5A, 0xAE, 0x6B, 0x35,
    0x5A, 0xAE, 0x6B, 0x36, 0x5A, 0xAE, 0x6B, 0x36, 0x5A, 0xAE, 0x6B, 0x36, 0x5A, 0xAE, 0x6B, 0x36,
    0x5A, 0xAE, 0x6B, 0x36, 0x5A, 0xAE, 0x6B, 0x36, 0x5A, 0xAE, 0x6B, 0x36, 0x5A, 0xAE, 0x6B, 0xFF,
    0x5A, 0xAE, 0x6B, 0xFF, 0x5A, 0xAE, 0x6B, 0xFF, 0x5A, 0xAE, 0x6B, 0x36, 0x5A, 0xAE, 0x6B, 0x36,
    0x5A, 0xAE, 0x6B, 0x36, 0x5A, 0xAE, 0x6B, 0x36, 0x5A, 0xAE, 0x6B, 0x36, 0x5A, 0xAE, 0x6B, 0x36,
    0x5A, 0xAE, 0x6B, 0x36, 0x5A, 0xAE, 0x6B, 0x35, 0x5A, 0xAE, 0x6B, 0x18, 0x5A, 0xAE, 0x6B, 0x00,
    0x5A, 0xAE, 0x6B, 0x00, 0x5A, 0xAE, 0x6B, 0x00, 0x5A, 0xAE, 0x6B, 0x00, 0x5A, 0xAE, 0x6B, 0x00,
    0x5A, 0xAE, 0x6B, 0x00, 0x5A, 0xAE, 0x6B, 0x00, 0x5A, 0xAE, 0x6B, 0x00, 0x5A, 0xAE, 0x6B, 0x00,
    0x5A, 0xAE, 0x6B, 0x00, 0x5A, 0xAE, 0x6B, 0x00, 0x5A, 0xAE, 0x6B, 0x0C, 0x5A, 0xAE, 0x6B, 0x2D,
    0x5A, 0xAE, 0x6B, 0x36, 0x5A, 0xAE, 0x6B, 0x36, 0x5A, 0xAE, 0x6B, 0x36, 0x5A, 0xAE, 0x6B, 0x36,
    0x5A, 0xAE, 0x6B, 0x36, 0x5A, 0xAE, 0x6B, 0x36, 0x5A, 0xAE, 0x6B, 0xFF, 0x5A, 0xAE, 0x6B, 0xFF,
    0x5A, 0xAE, 0x6B, 0xFF, 0x5A, 0xAE, 0x6B, 0x36, 0x5A, 0xAE, 0x6B, 0x36, 0x5A, 0xAE, 0x6B, 0x36,
    0x5A, 0xAE, 0x6B, 0x36, 0x5A, 0xAE, 0x6B, 0x36, 0x5A, 0xAE, 0x6B, 0x36, 0x5A, 0xAE, 0x6B, 0x2D,
    0x5A, 0xAE, 0x6B, 0x0C, 0x5A, 0xAE, 0x6B, 0x00, 0x5A, 0xAE, 0x6B, 0x00, 0x5A, 0xAE, 0x6B, 0x00,
    0x5A, 0xAE, 0x6B, 0x00, 0x5A, 0xAE, 0x6B, 0x00, 0x5A, 0xAE, 0x6B, 0x00, 0x5A, 0xAE, 0x6B, 0x00,
    0x5A, 0xAE, 0x6B, 0x00, 0x5A, 0xAE, 0x6B, 0x00, 0x5A, 0xAE, 0x6B, 0x00, 0x5A, 0xAE, 0x6B, 0x00,
    0x5A, 0xAE, 0x6B, 0x00, 0x5A, 0xAE, 0x6B, 0x00, 0x5A, 0xAE, 0x6B, 0x01, 0x5A, 0xAE, 0x6B, 0x15,
    0x5A, 0xAE, 0x6B, 0x2D, 0x5A, 0xAE, 0x6B, 0x36, 0x5A, 0xAE, 0x6B, 0x36, 0x5A, 0xAE, 0x6B, 0x36,
    0x5A, 0xAE, 0x6B, 0x36, 0x5A, 0xAE, 0x6B, 0xFF, 0x5A, 0xAE, 0x6B, 0xFF, 0x5A, 0xAE, 0x6B, 0xFF,
    0x5A, 0xAE, 0x6B, 0x36, 0x5A, 0xAE, 0x6B, 0x36, 0x5A, 0xAE, 0x6B, 0x36, 0x5A, 0xAE, 0x6B, 0x36,
    0x5A, 0xAE, 0x6B, 0x2D, 0x5A, 0xAE, 0x6B, 0x15, 0x5A, 0xAE, 0x6B, 0x01, 0x5A, 0xAE, 0x6B, 0x00,
    0x5A, 0xAE, 0x6B, 0x00, 0x5A, 0xAE, 0x6B, 0x00, 0x5A, 0xAE, 0x6B, 0x00, 0x5A, 0xAE, 0x6B, 0x00,
    0x5A, 0xAE, 0x6B, 0x00, 0x5A, 0xAE, 0x6B, 0x00, 0x5A, 0xAE, 0x6B, 0x00, 0x5A, 0xAE, 0x6B, 0x00,
    0x5A, 0xAE, 0x6B, 0x00, 0x5A, 0xAE, 0x6B, 0x00, 0x5A, 0xAE, 0x6B, 0x00, 0x5A, 0xAE, 0x6B, 0x00,
    0x5A, 0xAE, 0x6B, 0x00, 0x5A, 0xAE, 0x6B, 0x00, 0x5A, 0xAE, 0x6B, 0x00, 0x5A, 0xAE, 0x6B, 0x00,
    0x5A, 0xAE, 0x6B, 0x0A, 0x5A, 0xAE, 0x6B, 0x1B, 0x5A, 0xAE, 0x6B, 0x27, 0x5A, 0xAE, 0x6B, 0x2F,
    0x5A, 0xAE, 0x6B, 0xFF, 0x5A, 0xAE, 0x6B, 0xFF, 0x5A, 0xAE, 0x6B, 0xFF, 0x5A, 0xAE, 0x6B, 0x2F,
    0x5A, 0xAE, 0x6B, 0x27, 0x5A, 0xAE, 0x6B, 0x1B, 0x5A, 0xAE, 0x6B, 0x0A, 0x5A, 0xAE, 0x6B, 0x00,
    0x5A, 0xAE, 0x6B, 0x00, 0x5A, 0xAE, 0x6B, 0x00, 0x5A, 0xAE, 0x6B, 0x00, 0x5A, 0xAE, 0x6B, 0x00,
    0x5A, 0xAE, 0x6B, 0x00, 0x5A, 0xAE, 0x6B, 0x00, 0x5A, 0xAE, 0x6B, 0x00, 0x5A, 0xAE, 0x6B, 0x00,
    0x5A, 0xAE, 0x6B, 0x00, 0x5A, 0xAE, 0x6B, 0x00, 0x5A, 0xAE, 0x6B, 0x00, 0x5A, 0xAE, 0x6B, 0x00,
    0x5A, 0xAE, 0x6B, 0x00, 0x5A, 0xAE, 0x6B, 0x00, 0x5A, 0xAE, 0x6B, 0x00, 0x5A, 0xAE, 0x6B, 0x00,
    0x5A, 0xAE, 0x6B, 0x00, 0x5A, 0xAE, 0x6B, 0x00, 0x5A, 0xAE, 0x6B, 0x00, 0x5A, 0xAE, 0x6B, 0x00,
    0x5A, 0xAE, 0x6B, 0x00, 0x5A, 0xAE, 0x6B, 0x00, 0x5A, 0xAE, 0x6B, 0x00, 0x5A, 0xAE, 0x6B, 0xFF,
    0x5A, 0xAE, 0x6B, 0xFF, 0x5A, 0xAE, 0x6B, 0xFF, 0x5A, 0xAE, 0x6B, 0x00, 0x5A, 0xAE, 0x6B, 0x00,
    0x5A, 0xAE, 0x6B, 0x00, 0x5A, 0xAE, 0x6B, 0x00, 0x5A, 0xAE, 0x6B, 0x00, 0x5A, 0xAE, 0x6B, 0x00,
    0x5A, 0xAE, 0x6B, 0x00, 0x5A, 0xAE, 0x6B, 0x00, 0x5A, 0xAE, 0x6B, 0x00, 0x5A, 0xAE, 0x6B, 0x00,
    0x5A, 0xAE, 0x6B, 0x00, 0x5A, 0xAE, 0x6B, 0x00, 0x5A, 0xAE, 0x6B, 0x00, 0x5A, 0xAE, 0x6B, 0x00,
    0x5A, 0xAE, 0x6B, 0x00, 0x5A, 0xAE, 0x6B, 0x00, 0x5A, 0xAE, 0x6B, 0x00, 0x5A, 0xAE, 0x6B, 0x00,
    0x5A, 0xAE, 0x6B, 0x00, 0x5A, 0xAE, 0x6B, 0x00, 0x5A, 0xAE, 0x6B, 0x00, 0x5A, 0xAE, 0x6B, 0x00,
    0x5A, 0xAE, 0x6B, 0x00, 0x5A, 0xAE, 0x6B, 0x00, 0x5A, 0xAE, 0x6B, 0x00, 0x5A, 0xAE, 0x6B, 0x00,
    0x5A, 0xAE, 0x6B, 0x00, 0x5A, 0xAE, 0x6B, 0x00, 0x5A, 0xAE, 0x6B, 0xFF, 0x5A, 0xAE, 0x6B, 0xFF,
    0x5A, 0xAE, 0x6B, 0xFF, 0x5A, 0xAE, 0x6B, 0x00, 0x5A, 0xAE, 0x6B, 0x00, 0x5A, 0xAE, 0x6B, 0x00,
    0x5A, 0xAE, 0x6B, 0x00, 0x5A, 0xAE, 0x6B, 0x00, 0x5A, 0xAE, 0x6B, 0x00, 0x5A, 0xAE, 0x6B, 0x00,
    0x5A, 0xAE, 0x6B, 0x00, 0x5A, 0xAE, 0x6B, 0x00, 0x5A, 0xAE, 0x6B, 0x00, 0x5A, 0xAE, 0x6B, 0x00,
    0x5A, 0xAE, 0x6B, 0x00, 0x5A, 0xAE, 0x6B, 0x00, 0x5A, 0xAE, 0x6B, 0x00, 0x5A, 0xAE, 0x6B, 0x00,
    0x5A, 0xAE, 0x6B, 0x00, 0x5A, 0xAE, 0x6B, 0x00, 0x5A, 0xAE, 0x6B, 0x00, 0x5A, 0xAE, 0x6B, 0x00,
    0x5A, 0xAE, 0x6B, 0x00, 0x5A, 0xAE, 0x6B, 0x00, 0x5A, 0xAE, 0x6B, 0x00, 0x5A, 0xAE, 0x6B, 0x00,
    0x5A, 0xAE, 0x6B, 0x00, 0x5A, 0xAE, 0x6B, 0x00, 0x5A, 0xAE, 0x6B, 0x00, 0x5A, 0xAE, 0x6B, 0x00,
    0x5A, 0xAE, 0x6B, 0x00, 0x5A, 0xAE, 0x6B, 0xFF, 0x5A, 0xAE, 0x6B, 0xFF, 0x5A, 0xAE, 0x6B, 0xFF,
    0x5A, 0xAE, 0x6B, 0x00, 0x5A, 0xAE, 0x6B, 0x00, 0x5A, 0xAE, 0x6B, 0x00, 0x5A, 0xAE, 0x6B, 0x00,
    0x5A, 0xAE, 0x6B, 0x00, 0x5A, 0xAE, 0x6B, 0x00, 0x5A, 0xAE, 0x6B, 0x00, 0x5A, 0xAE, 0x6B, 0x00,
    0x5A, 0xAE, 0x6B, 0x00, 0x5A, 0xAE, 0x6B, 0x00, 0x5A, 0xAE, 0x6B, 0x00, 0x5A, 0xAE, 0x6B, 0x00,
    0x5A, 0xAE, 0x6B, 0x00, 0x5A, 0xAE, 0x6B, 0x00, 0x5A, 0xAE, 0x6B, 0x00, 0x5A, 0xAE, 0x6B, 0x00,
    0x5A, 0xAE, 0x6B, 0x00, 0x5A, 0xAE, 0x6B, 0x00, 0x5A, 0xAE, 0x6B, 0x00, 0x5A, 0xAE, 0x6B, 0x00,
    0x5A, 0xAE, 0x6B, 0x00, 0x5A, 0xAE, 0x6B, 0x00, 0x5A, 0xAE, 0x6B, 0x00, 0x5A, 0xAE, 0x6B, 0x00,
    0x5A, 0xAE, 0x6B, 0x00, 0x5A, 0xAE, 0x6B, 0x00, 0x5A, 0xAE, 0x6B, 0x00, 0x5A, 0xAE, 0x6B, 0x00,
    0x5A, 0xAE, 0x6B, 0xFF, 0x5A, 0xAE, 0x6B, 0xFF, 0x5A, 0xAE, 0x6B, 0xFF, 0x5A, 0xAE, 0x6B, 0x00,
    0x5A, 0xAE, 0x6B, 0x00, 0x5A, 0xAE, 0x6B, 0x00, 0x5A, 0xAE, 0x6B, 0x00, 0x5A, 0xAE, 0x6B, 0x00,
    0x5A, 0xAE, 0x6B, 0x00, 0x5A, 0xAE, 0x6B, 0x00, 0x5A, 0xAE, 0x6B, 0x00, 0x5A, 0xAE, 0x6B, 0x00,
    0x5A, 0xAE, 0x6B, 0x00, 0x5A, 0xAE, 0x6B, 0x00, 0x5A, 0xAE, 0x6B, 0x00, 0x5A, 0xAE, 0x6B, 0x00,
    0x5A, 0xAE, 0x6B, 0x00, 0x5A, 0xAE, 0x6B, 0x00, 0x5A, 0xAE, 0x6B, 0x00, 0x5A, 0xAE, 0x6B, 0x00,
    0x5A, 0xAE, 0x6B, 0x00, 0x5A, 0xAE, 0x6B, 0x00, 0x5A, 0xAE, 0x6B, 0x00, 0x5A, 0xAE, 0x6B, 0x00,
    0x5A, 0xAE, 0x6B, 0x00, 0x5A, 0xAE, 0x6B, 0x00, 0x5A, 0xAE, 0x6B, 0x00, 0x5A, 0xAE, 0x6B, 0x00,
    0x5A, 0xAE, 0x6B, 0x00, 0x5A, 0xAE, 0x6B, 0x00, 0x5A, 0xAE, 0x6B, 0x00, 0x5A, 0xAE, 0x6B, 0xFF,
    0x5A, 0xAE, 0x6B, 0xFF, 0x5A, 0xAE, 0x6B, 0xFF, 0x5A, 0xAE, 0x6B, 0x00, 0x5A, 0xAE, 0x6B, 0x00,
    0x5A, 0xAE, 0x6B, 0x00, 0x5A, 0xAE, 0x6B, 0x00, 0x5A, 0xAE, 0x6B, 0x00, 0x5A, 0xAE, 0x6B, 0x00,
    0x5A, 0xAE, 0x6B, 0x00, 0x5A, 0xAE, 0x6B, 0x00, 0x5A, 0xAE, 0x6B, 0x00, 0x5A, 0xAE, 0x6B, 0x00,
    0x5A, 0xAE, 0x6B, 0x00, 0x5A, 0xAE, 0x6B, 0x00, 0x5A, 0xAE, 0x6B, 0x00, 0x5A, 0xAE, 0x6B, 0x00,
    0x5A, 0xAE, 0x6B, 0x00, 0x5A, 0xAE, 0x6B, 0x00, 0x5A, 0xAE, 0x6B, 0x00, 0x5A, 0xAE, 0x6B, 0x00,
    0x5A, 0xAE, 0x6B, 0x00, 0x5A, 0xAE, 0x6B, 0x00, 0x5A, 0xAE, 0x6B, 0x00, 0x5A, 0xAE, 0x6B, 0x00,
    0x5A, 0xAE, 0x6B, 0x00, 0x5A, 0xAE, 0x6B, 0x00, 0x5A, 0xAE, 0x6B, 0x00, 0x5A, 0xAE, 0x6B, 0x00,
    0x5A, 0xAE, 0x6B, 0x00, 0x5A, 0xAE, 0x6B, 0x00, 0x5A, 0xAE, 0x6B, 0xFF, 0x5A, 0xAE, 0x6B, 0xFF,
    0x5A, 0xAE, 0x6B, 0xFF, 0x5A, 0xAE, 0x6B, 0x00, 0x5A, 0xAE, 0x6B, 0x00, 0x5A, 0xAE, 0x6B, 0x00,
    0x5A, 0xAE, 0x6B, 0x00, 0x5A, 0xAE, 0x6B, 0x00, 0x5A, 0xAE, 0x6B, 0x00, 0x5A, 0xAE, 0x6B, 0x00,
    0x5A, 0xAE, 0x6B, 0x00, 0x5A, 0xAE, 0x6B, 0x00, 0x5A, 0xAE, 0x6B, 0x00, 0x5A, 0xAE, 0x6B, 0x00,
    0x5A, 0xAE, 0x6B, 0x00, 0x5A, 0xAE, 0x6B, 0x00, 0x5A, 0xAE, 0x6B, 0x00, 0x5A, 0xAE, 0x6B, 0x00,
    0x5A, 0xAE, 0x6B, 0x00, 0x5A, 0xAE, 0x6B, 0x00, 0x5A, 0xAE, 0x6B, 0x00, 0x5A, 0xAE, 0x6B, 0x00,
    0x5A, 0xAE, 0x6B, 0x00, 0x5A, 0xAE, 0x6B, 0x00, 0x5A, 0xAE, 0x6B, 0x00, 0x5A, 0xAE, 0x6B, 0x00,
    0x5A, 0xAE, 0x6B, 0x00, 0x5A, 0xAE, 0x6B, 0x00, 0x5A, 0xAE, 0x6B, 0x00, 0x5A, 0xAE, 0x6B, 0x00,
    0x5A, 0xAE, 0x6B, 0x00, 0x5A, 0xAE, 0x6B, 0xFF, 0x5A, 0xAE, 0x6B, 0xFF, 0x5A, 0xAE, 0x6B, 0xFF,
    0x5A, 0xAE, 0x6B, 0x00, 0x5A, 0xAE, 0x6B, 0x00, 0x5A, 0xAE, 0x6B, 0x00, 0x5A, 0xAE, 0x6B, 0x00,
    0x5A, 0xAE, 0x6B, 0x00, 0x5A, 0xAE, 0x6B, 0x00, 0x5A, 0xAE, 0x6B, 0x00, 0x5A, 0xAE, 0x6B, 0x00,
    0x5A, 0xAE, 0x6B, 0x00, 0x5A, 0xAE, 0x6B, 0x00, 0x5A, 0xAE, 0x6B, 0x00, 0x5A, 0xAE, 0x6B, 0x00,
    0x5A, 0xAE, 0x6B, 0x00, 0x5A, 0xAE, 0x6B, 0x00, 0x5A, 0xAE, 0x6B, 0x00, 0x5A, 0xAE, 0x6B, 0x00,
    0x5A, 0xAE, 0x6B, 0x00, 0x5A, 0xAE, 0x6B, 0x00, 0x5A, 0xAE, 0x6B, 0x00, 0x5A, 0xAE, 0x6B, 0x00,
    0x5A, 0xAE, 0x6B, 0x00, 0x5A, 0xAE, 0x6B, 0x00, 0x5A, 0xAE, 0x6B, 0x00, 0x5A, 0xAE, 0x6B, 0x00,
    0x5A, 0xAE, 0x6B, 0x00, 0x5A, 0xAE, 0x6B, 0x00, 0x5A, 0xAE, 0x6B, 0x00, 0x5A, 0xAE, 0x6B, 0x00,
    0x5A, 0xAE, 0x6B, 0xFF, 0x5A, 0xAE, 0x6B, 0xFF, 0x5A, 0xAE, 0x6B, 0xFF, 0x5A, 0xAE, 0x6B, 0x00,
    0x5A, 0xAE, 0x6B, 0x00, 0x5A, 0xAE, 0x6B, 0x00, 0x5A, 0xAE, 0x6B, 0x00, 0x5A, 0xAE, 0x6B, 0x00,
    0x5A, 0xAE, 0x6B, 0x00, 0x5A, 0xAE, 0x6B, 0x00, 0x5A, 0xAE, 0x6B, 0x00, 0x5A, 0xAE, 0x6B, 0x00,
    0x5A, 0xAE, 0x6B, 0x00, 0x5A, 0xAE, 0x6B, 0x00, 0x5A, 0xAE, 0x6B, 0x00, 0x5A, 0xAE, 0x6B, 0x00,
    0x5A, 0xAE, 0x6B, 0x00, 0x5A, 0xAE, 0x6B, 0x00, 0x5A, 0xAE, 0x6B, 0x00, 0x5A, 0xAE, 0x6B, 0x00,
    0x5A, 0xAE, 0x6B, 0x00, 0x5A, 0xAE, 0x6B, 0x00, 0x5A, 0xAE, 0x6B, 0x00, 0x5A, 0xAE, 0x6B, 0x00,
    0x5A, 0xAE, 0x6B, 0x00, 0x5A, 0xAE, 0x6B, 0x00, 0x5A, 0xAE, 0x6B, 0x00, 0x5A, 0xAE, 0x6B, 0x00,
    0x5A, 0xAE, 0x6B, 0x00, 0x5A, 0xAE, 0x6B, 0x00, 0x5A, 0xAE, 0x6B, 0x00, 0x5A, 0xAE, 0x6B, 0x00,
    0x5A, 0xAE, 0x6B, 0x00, 0x5A, 0xAE, 0x6B, 0x00, 0x5A, 0xAE, 0x6B, 0x00, 0x5A, 0xAE, 0x6B, 0x00,
    0x5A, 0xAE, 0x6B, 0x00, 0x5A, 0xAE, 0x6B, 0x00, 0x5A, 0xAE, 0x6B, 0x00, 0x5A, 0xAE, 0x6B, 0x00,
    0x5A, 0xAE, 0x6B, 0x00, 0x5A, 0xAE, 0x6B, 0x00, 0x5A, 0xAE, 0x6B, 0x00, 0x5A, 0xAE, 0x6B, 0x00,
    0x5A, 0xAE, 0x6B, 0x00, 0x5A, 0xAE, 0x6B, 0x00, 0x5A, 0xAE, 0x6B, 0x00, 0x5A, 0xAE, 0x6B, 0x00,
};
const lv_image_dsc_t ui_img_clockwise_sec_png = {
    .header = {
        .magic = LV_IMAGE_HEADER_MAGIC,
        .cf = LV_COLOR_FORMAT_ARGB8888,
        .flags = 0,
        .w = 31,
        .h = 180,
        .stride = 124,
        .reserved_2 = 0,
    },
    .data_size = sizeof(ui_img_clockwise_sec_png_data),
    .data = ui_img_clockwise_sec_png_data,
    .reserved = NULL,
};

